Participant ID,Condition,Event ID,Question Timestamp (s),Answer Timestamp (s),Time Difference (s),Answer Accuracy,Confidence
01_RT,B_R,E1_../audio/B/Mark_C.wav,37.28,47.85,10.57,Correct,7
01_RT,B_R,E2_../audio/B/BendR_PR.wav,59.66,62.85,3.19,Correct,7
01_RT,B_R,E3_../audio/B/Cone_A.wav,74.43,77.58,3.15,Correct,6
01_RT,B_R,E4_../audio/B/Toad_PR.wav,98.53,101.28,2.75,Correct,7
01_RT,B_R,E5_../audio/B/Constr_P.wav,124.5,130.00,5.5,Correct,7
01_RT,B_R,E6_../audio/B/Cone_B.wav,134.0,135.60,1.6,Correct,7
01_RT,B_R,E7_../audio/B/ICE_C.wav,163.90,165.47,1.57,Correct,7
01_RT,B_R,E8_../audio/B/Tar_P.wav,175.78,178.76,2.98,Incorrect,5
01_RT,B_R,E9_../audio/B/Cone_C.wav,188.50,189.90,1.40,Correct,7
01_RT,B_R,E10_../audio/B/BendR_C.wav,218.65,220.06,1.41,Correct,7
01_RT,B_R,E11_../audio/B/Mark_P.wav,229.52,234.56,5.04,Incorrect,5
01_RT,B_R,E12_../audio/B/Cone_A.wav,242.62,245.05,2.43,Correct,7
01_RT,B_R,E13_../audio/B/Constr_C.wav,267.91,271.89,3.98,Correct,7
01_RT,B_R,E14_../audio/B/Toad_P.wav,280.04,281.63,1.59,Correct,7
01_RT,B_R,E15_../audio/B/Cone_B.wav,289.71,291.00,1.29,Correct,7
01_RT,B_R,E16_../audio/B/Tar_PR.wav,313.49,320.38,6.89,Correct,3
01_RT,B_R,E17_../audio/B/ICE_P.wav,349.68,351.99,2.31,Correct,7
01_RT,B_R,E18_../audio/B/Cone_C.wav,360.16,361.86,1.70,Correct,7
01_RT,B_R,E19_../audio/B/Mark_PR.wav,384.04,390.46,6.42,Correct,7
01_RT,B_R,E20_../audio/B/BendR_P.wav,396.91,398.99,2.08,Correct,7
01_RT,B_R,E21_../audio/B/Cone_C.wav,407.01,410.17,3.16,Correct,7
01_RT,B_R,E22_../audio/B/Toad_C.wav,426.09,429.39,3.30,Correct,7
01_RT,B_R,E23_../audio/B/Constr_PR.wav,437.93,444.08,6.15,Correct,7
01_RT,B_R,E24_../audio/B/Cone_B.wav,452.59,456.16,3.57,Correct,7
01_RT,B_R,E25_../audio/B/ICE_PR.wav,475.97,480.40,4.43,Correct,7
01_RT,B_R,E26_../audio/B/Tar_C.wav,486.83,491.94,5.11,Correct,7
01_RT,B_R,E27_../audio/B/Cone_A.wav,500.45,501.45,1.00,Correct,7
01_RT,B_L,E1_../audio/B/Duck_P.wav,41.76,43.00,1.24,Correct,7
01_RT,B_L,E2_../audio/B/Flood_C.wav,53.76,57.09,3.33,Correct,7
01_RT,B_L,E3_../audio/B/Cone_E.wav,66.88,68.53,1.65,Correct,7
01_RT,B_L,E4_../audio/B/School_PR.wav,93.35,99.04,5.69,Correct,7
01_RT,B_L,E5_../audio/B/Deer_PR.wav,123.52,128.87,5.35,Correct,7
01_RT,B_L,E6_../audio/B/Cone_D.wav,136.21,137.29,1.08,Correct,7
01_RT,B_L,E7_../audio/B/Blind_PR.wav,155.79,162.13,6.34,Correct,7
01_RT,B_L,E8_../audio/B/Frost_PR.wav,181.55,188.26,6.71,Correct,7
01_RT,B_L,E9_../audio/B/Cone_F.wav,196.20,198.38,2.18,Correct,7
01_RT,B_L,E10_../audio/B/Flood_PR.wav,213.99,218.70,4.71,Correct,7
01_RT,B_L,E11_../audio/B/Duck_PR.wav,243.06,244.39,1.33,Correct,7
01_RT,B_L,E12_../audio/B/Cone_D.wav,255.44,257.57,2.13,Correct,7
01_RT,B_L,E13_../audio/B/Deer_P.wav,273.42,275.21,1.79,Correct,7
01_RT,B_L,E14_../audio/B/School_P.wav,284.97,294.60,9.63,Incorrect,7
01_RT,B_L,E15_../audio/B/Cone_F.wav,302.96,304.95,1.99,Correct,7
01_RT,B_L,E16_../audio/B/Frost_C.wav,316.68,320.19,3.51,Correct,7
01_RT,B_L,E17_../audio/B/Blind_P.wav,345.83,347.52,1.69,Correct,7
01_RT,B_L,E18_../audio/B/Cone_E.wav,356.74,358.00,1.26,Correct,7
01_RT,B_L,E19_../audio/B/Duck_C.wav,380.09,385.26,5.17,Correct,5
01_RT,B_L,E20_../audio/B/Flood_P.wav,404.83,405.92,1.09,Correct,7
01_RT,B_L,E21_../audio/B/Cone_F.wav,500.51,503.54,3.03,Correct,7
01_RT,B_L,E22_../audio/B/School_C.wav,518.55,521.28,2.73,Correct,7
01_RT,B_L,E23_../audio/B/Deer_C.wav,527.89,532.26,4.37,Correct,7
01_RT,B_L,E24_../audio/B/Cone_D.wav,540.15,543.27,3.12,Correct,7
01_RT,B_L,E25_../audio/B/Blind_C.wav,557.58,559.97,2.39,Correct,7
01_RT,B_L,E26_../audio/B/Frost_P.wav,567.00,571.57,4.57,Correct,7
01_RT,B_L,E27_../audio/B/Cone_F.wav,578.96,581.84,2.88,Correct,7
01_RT,C_R,E1_../audio/C/Mark_PR.wav,45.29,52.97,7.68,Incorrect,4
01_RT,C_R,E2_../audio/C/BendR_P.wav,88.37,92.04,3.67,Correct,7
01_RT,C_R,E3_../audio/C/Cone_C.wav,112.87,119.81,6.94,Correct,1
01_RT,C_R,E4_../audio/C/Toad_P.wav,142.99,146.32,3.33,Correct,6
01_RT,C_R,E5_../audio/C/Constr_C.wav,170.78,175.67,4.89,Correct,7
01_RT,C_R,E6_../audio/C/Cone_A.wav,202.57,204.89,2.32,Correct,6
01_RT,C_R,E7_../audio/C/ICE_PR.wav,224.99,228.94,3.95,Correct,6
01_RT,C_R,E8_../audio/C/Tar_P.wav,268.69,284.60,15.91,Correct,1
01_RT,C_R,E9_../audio/C/Cone_B.wav,314.50,319.72,5.22,Incorrect,2
01_RT,C_R,E10_../audio/C/BendR_PR.wav,359.08,363.19,4.11,Correct,7
01_RT,C_R,E11_../audio/C/Mark_C.wav,380.41,385.45,5.04,Correct,7
01_RT,C_R,E12_../audio/C/Cone_C.wav,409.45,411.22,1.77,Correct,7
01_RT,C_R,E13_../audio/C/Constr_P.wav,437.32,440.76,3.44,Correct,6
01_RT,C_R,E14_../audio/C/Toad_C.wav,463.56,466.34,2.78,Correct,6
01_RT,C_R,E15_../audio/C/Cone_A.wav,483.30,490.39,7.09,Correct,2
01_RT,C_R,E16_../audio/C/Tar_PR.wav,514.32,518.35,4.03,Incorrect,5
01_RT,C_R,E17_../audio/C/ICE_P.wav,540.63,543.00,2.37,Correct,6
01_RT,C_R,E18_../audio/C/Cone_C.wav,576.12,582.46,6.34,Incorrect,4
01_RT,C_R,E19_../audio/C/Mark_P.wav,606.10,610.25,4.15,Correct,7
01_RT,C_R,E20_../audio/C/BendR_C.wav,630.83,634.08,3.25,Correct,7
01_RT,C_R,E21_../audio/C/Cone_A.wav,649.48,652.38,2.90,Correct,7
01_RT,C_R,E22_../audio/C/Toad_PR.wav,669.51,672.09,2.58,Correct,7
01_RT,C_R,E23_../audio/C/Constr_PR.wav,695.00,699.32,4.32,Correct,7
01_RT,C_R,E24_../audio/C/Cone_B.wav,721.81,725.66,3.85,Correct,5
01_RT,C_R,E25_../audio/C/ICE_C.wav,754.53,757.31,2.78,Correct,6
01_RT,C_R,E26_../audio/C/Tar_C.wav,778.83,783.94,5.11,Correct,7
01_RT,C_R,E27_../audio/C/Cone_A.wav,812.88,815.49,2.61,Correct,7
01_RT,C_L,E1_../audio/C/Duck_P.wav,33.99,37.17,3.18,Incorrect,7
01_RT,C_L,E2_../audio/C/Flood_PR.wav,62.69,67.58,4.89,Correct,6
01_RT,C_L,E3_../audio/C/Cone_E.wav,89.02,91.73,2.71,Correct,6
01_RT,C_L,E4_../audio/C/School_PR.wav,112.96,117.67,4.71,Correct,7
01_RT,C_L,E5_../audio/C/Deer_P.wav,142.99,147.59,4.60,Correct,6
01_RT,C_L,E6_../audio/C/Cone_F.wav,173.32,189.12,15.80,Incorrect,1
01_RT,C_L,E7_../audio/C/Blind_C.wav,218.56,221.11,2.55,Correct,6
01_RT,C_L,E8_../audio/C/Frost_P.wav,244.59,246.50,1.91,Correct,6
01_RT,C_L,E9_../audio/C/Cone_D.wav,266.34,271.23,4.89,Incorrect,4
01_RT,C_L,E10_../audio/C/Flood_C.wav,287.57,292.53,4.96,Correct,5
01_RT,C_L,E11_../audio/C/Duck_C.wav,313.01,317.59,4.58,Correct,6
01_RT,C_L,E12_../audio/C/Cone_E.wav,334.11,335.79,1.68,Correct,6
01_RT,C_L,E13_../audio/C/Deer_C.wav,354.95,360.81,5.86,Correct,5
01_RT,C_L,E14_../audio/C/School_C.wav,379.75,383.30,3.55,Correct,7
01_RT,C_L,E15_../audio/C/Cone_F.wav,398.61,401.74,3.13,Correct,7
01_RT,C_L,E16_../audio/C/Frost_PR.wav,419.08,422.39,3.31,Correct,6
01_RT,C_L,E17_../audio/C/Blind_P.wav,442.65,444.85,2.20,Correct,7
01_RT,C_L,E18_../audio/C/Cone_E.wav,463.22,467.27,4.05,Correct,7
01_RT,C_L,E19_../audio/C/Duck_PR.wav,482.44,484.71,2.27,Correct,7
01_RT,C_L,E20_../audio/C/Flood_P.wav,505.38,509.44,4.06,Correct,5
01_RT,C_L,E21_../audio/C/Cone_F.wav,525.82,528.91,3.09,Correct,7
01_RT,C_L,E22_../audio/C/School_P.wav,545.01,546.82,1.81,Correct,7
01_RT,C_L,E23_../audio/C/Deer_PR.wav,566.33,568.73,2.40,Correct,7
01_RT,C_L,E24_../audio/C/Cone_D.wav,587.91,590.43,2.52,Correct,7
01_RT,C_L,E25_../audio/C/Blind_PR.wav,605.94,611.42,5.48,Correct,7
01_RT,C_L,E26_../audio/C/Frost_C.wav,629.50,633.66,4.16,Incorrect,3
01_RT,C_L,E27_../audio/C/Cone_F.wav,666.70,668.84,2.14,Correct,7
02_OL,C_R,E1_../audio/C/Mark_P.wav,57.29,65.70,8.41,Correct,4
02_OL,C_R,E2_../audio/C/BendR_P.wav,92.08,97.01,4.93,Incorrect,5
02_OL,C_R,E3_../audio/C/Cone_C.wav,125.28,129.84,4.56,Correct,3
02_OL,C_R,E4_../audio/C/Toad_PR.wav,157.30,158.69,1.39,Correct,6
02_OL,C_R,E5_../audio/C/Constr_PR.wav,186.13,195.37,9.24,Correct,6
02_OL,C_R,E6_../audio/C/Cone_A.wav,217.52,220.88,3.36,Incorrect,3
02_OL,C_R,E7_../audio/C/ICE_C.wav,245.73,249.16,3.43,Correct,4
02_OL,C_R,E8_../audio/C/Tar_C.wav,275.85,285.89,10.04,Correct,5
02_OL,C_R,E9_../audio/C/Cone_B.wav,315.64,319.42,3.78,Correct,5
02_OL,C_R,E10_../audio/C/BendR_PR.wav,339.07,343.83,4.76,Correct,4
02_OL,C_R,E11_../audio/C/Mark_PR.wav,381.50,387.39,5.89,Correct,4
02_OL,C_R,E12_../audio/C/Cone_B.wav,412.14,414.66,2.52,Incorrect,3
02_OL,C_R,E13_../audio/C/Constr_P.wav,439.92,452.07,12.15,Correct,2
02_OL,C_R,E14_../audio/C/Toad_P.wav,478.01,480.48,2.47,Correct,4
02_OL,C_R,E15_../audio/C/Cone_A.wav,502.42,505.02,2.60,Correct,3
02_OL,C_R,E16_../audio/C/Tar_P.wav,530.51,532.59,2.08,Correct,6
02_OL,C_R,E17_../audio/C/ICE_P.wav,558.28,559.87,1.59,Correct,7
02_OL,C_R,E18_../audio/C/Cone_C.wav,579.69,584.22,4.53,Incorrect,3
02_OL,C_R,E19_../audio/C/Mark_C.wav,603.18,609.55,6.37,Correct,3
02_OL,C_R,E20_../audio/C/BendR_C.wav,642.08,646.36,4.28,Correct,4
02_OL,C_R,E21_../audio/C/Cone_C.wav,670.75,674.75,4.00,Correct,2
02_OL,C_R,E22_../audio/C/Toad_C.wav,692.54,701.42,8.88,Correct,3
02_OL,C_R,E23_../audio/C/Constr_C.wav,725.81,731.30,5.49,Correct,4
02_OL,C_R,E24_../audio/C/Cone_B.wav,751.81,753.30,1.49,Correct,7
02_OL,C_R,E25_../audio/C/ICE_PR.wav,774.94,780.71,5.77,Correct,4
02_OL,C_R,E26_../audio/C/Tar_PR.wav,795.73,810.6,14.87,Correct,3
02_OL,C_R,E27_../audio/C/Cone_A.wav,857.69,860.45,2.76,Correct,5
02_OL,C_L,E1_../audio/C/Duck_C.wav,16.35,23.24,6.89,Incorrect,1
02_OL,C_L,E2_../audio/C/Flood_PR.wav,57.27,61.87,4.60,Correct,7
02_OL,C_L,E3_../audio/C/Cone_E.wav,82.54,86.14,3.60,Incorrect,5
02_OL,C_L,E4_../audio/C/School_C.wav,111.46,122.70,11.24,Correct,3
02_OL,C_L,E5_../audio/C/Deer_PR.wav,149.56,158.76,9.20,Incorrect,3
02_OL,C_L,E6_../audio/C/Cone_F.wav,176.40,182.29,5.89,Correct,2
02_OL,C_L,E7_../audio/C/Blind_P.wav,204.27,211.93,7.66,Incorrect,5
02_OL,C_L,E8_../audio/C/Frost_C.wav,249.56,254.97,5.41,Correct,3
02_OL,C_L,E9_../audio/C/Cone_D.wav,279.41,281.50,2.09,Incorrect,3
02_OL,C_L,E10_../audio/C/Flood_P.wav,300.67,304.53,3.86,Correct,5
02_OL,C_L,E11_../audio/C/Duck_P.wav,327.09,328.70,1.61,Correct,7
02_OL,C_L,E12_../audio/C/Cone_E.wav,347.39,353.54,6.15,Incorrect,2
02_OL,C_L,E13_../audio/C/Deer_C.wav,375.81,381.81,6.00,Correct,6
02_OL,C_L,E14_../audio/C/School_PR.wav,413.29,417.29,4.00,Correct,5
02_OL,C_L,E15_../audio/C/Cone_F.wav,440.61,445.96,5.35,Incorrect,5
02_OL,C_L,E16_../audio/C/Frost_PR.wav,462.26,468.68,6.42,Correct,4
02_OL,C_L,E17_../audio/C/Blind_PR.wav,495.90,505.57,9.67,Correct,4
02_OL,C_L,E18_../audio/C/Cone_D.wav,524.93,528.83,3.90,Correct,6
02_OL,C_L,E19_../audio/C/Duck_PR.wav,545.65,546.83,1.18,Correct,7
02_OL,C_L,E20_../audio/C/Flood_C.wav,572.02,579.68,7.66,Incorrect,1
02_OL,C_L,E21_../audio/C/Cone_E.wav,600.16,605.16,5.00,Incorrect,4
02_OL,C_L,E22_../audio/C/School_P.wav,624.05,629.27,5.22,Incorrect,2
02_OL,C_L,E23_../audio/C/Deer_P.wav,648.56,649.64,1.08,Correct,7
02_OL,C_L,E24_../audio/C/Cone_D.wav,665.67,669.17,3.50,Correct,2
02_OL,C_L,E25_../audio/C/Blind_C.wav,689.25,698.47,9.22,Incorrect,1
02_OL,C_L,E26_../audio/C/Frost_P.wav,721.56,723.56,2.00,Correct,7
02_OL,C_L,E27_../audio/C/Cone_F.wav,756.51,758.86,2.35,Incorrect,5
02_OL,B_R,E1_../audio/B/Mark_PR.wav,14.55,18.24,3.69,Correct,6
02_OL,B_R,E2_../audio/B/BendR_P.wav,49.18,56.36,7.18,Correct,7
02_OL,B_R,E3_../audio/B/Cone_B.wav,65.14,66.24,1.10,Correct,7
02_OL,B_R,E4_../audio/B/Toad_C.wav,92.07,96.24,4.17,Correct,7
02_OL,B_R,E5_../audio/B/Constr_C.wav,105.48,108.66,3.18,Correct,7
02_OL,B_R,E6_../audio/B/Cone_A.wav,118.86,120.67,1.81,Correct,7
02_OL,B_R,E7_../audio/B/ICE_PR.wav,128.74,134.00,5.26,Correct,7
02_OL,B_R,E8_../audio/B/Tar_PR.wav,161.71,168.12,6.41,Correct,6
02_OL,B_R,E9_../audio/B/Cone_C.wav,177.42,178.50,1.08,Correct,7
02_OL,B_R,E10_../audio/B/BendR_PR.wav,186.63,194.27,7.64,Correct,6
02_OL,B_R,E11_../audio/B/Mark_C.wav,222.12,226.78,4.66,Correct,5
02_OL,B_R,E12_../audio/B/Cone_A.wav,240.48,241.58,1.10,Correct,7
02_OL,B_R,E13_../audio/B/Constr_PR.wav,269.77,272.57,2.80,Correct,7
02_OL,B_R,E14_../audio/B/Toad_PR.wav,283.10,284.97,1.87,Correct,7
02_OL,B_R,E15_../audio/B/Cone_B.wav,292.34,293.49,1.15,Correct,6
02_OL,B_R,E16_../audio/B/Tar_P.wav,301.94,304.62,2.68,Correct,7
02_OL,B_R,E17_../audio/B/ICE_P.wav,315.64,316.86,1.22,Correct,7
02_OL,B_R,E18_../audio/B/Cone_C.wav,323.25,324.20,0.95,Correct,7
02_OL,B_R,E19_../audio/B/Mark_P.wav,334.58,336.91,2.33,Correct,7
02_OL,B_R,E20_../audio/B/BendR_C.wav,347.49,349.43,1.94,Correct,7
02_OL,B_R,E21_../audio/B/Cone_A.wav,356.78,358.02,1.24,Correct,7
02_OL,B_R,E22_../audio/B/Toad_P.wav,363.66,365.52,1.86,Correct,7
02_OL,B_R,E23_../audio/B/Constr_P.wav,374.04,377.47,3.43,Correct,7
02_OL,B_R,E24_../audio/B/Cone_B.wav,386.13,386.87,0.74,Correct,7
02_OL,B_R,E25_../audio/B/ICE_C.wav,396.01,398.64,2.63,Correct,7
02_OL,B_R,E26_../audio/B/Tar_C.wav,408.95,416.13,7.18,Correct,7
02_OL,B_R,E27_../audio/B/Cone_C.wav,425.28,427.30,2.02,Correct,7
02_OL,B_L,E1_../audio/B/Duck_P.wav,12.34,13.24,0.90,Correct,7
02_OL,B_L,E2_../audio/B/Flood_C.wav,22.56,25.42,2.86,Correct,7
02_OL,B_L,E3_../audio/B/Cone_D.wav,35.71,37.29,1.58,Correct,7
02_OL,B_L,E4_../audio/B/School_P.wav,43.86,45.63,1.77,Correct,7
02_OL,B_L,E5_../audio/B/Deer_PR.wav,54.86,56.55,1.69,Correct,7
02_OL,B_L,E6_../audio/B/Cone_E.wav,65.59,67.63,2.04,Correct,7
02_OL,B_L,E7_../audio/B/Blind_C.wav,86.19,88.85,2.66,Correct,7
02_OL,B_L,E8_../audio/B/Frost_P.wav,98.64,118.44,19.80,Correct,7
02_OL,B_L,E9_../audio/B/Cone_F.wav,128.19,128.81,0.62,Correct,7
02_OL,B_L,E10_../audio/B/Flood_P.wav,135.30,137.36,2.06,Correct,7
02_OL,B_L,E11_../audio/B/Duck_C.wav,144.57,147.00,2.43,Correct,7
02_OL,B_L,E12_../audio/B/Cone_F.wav,153.95,156.00,2.05,Correct,7
02_OL,B_L,E13_../audio/B/Deer_P.wav,161.58,168.82,7.24,Correct,7
02_OL,B_L,E14_../audio/B/School_PR.wav,193.65,195.58,1.93,Correct,7
02_OL,B_L,E15_../audio/B/Cone_E.wav,202.84,204.02,1.18,Correct,7
02_OL,B_L,E16_../audio/B/Frost_PR.wav,227.83,232.55,4.72,Incorrect,7
02_OL,B_L,E17_../audio/B/Blind_PR.wav,243.67,250.05,6.38,Correct,6
02_OL,B_L,E18_../audio/B/Cone_D.wav,258.91,260.15,1.24,Correct,7
02_OL,B_L,E19_../audio/B/Duck_PR.wav,282.48,283.72,1.24,Correct,7
02_OL,B_L,E20_../audio/B/Flood_PR.wav,293.68,298.60,4.92,Correct,6
02_OL,B_L,E21_../audio/B/Cone_E.wav,308.94,310.89,1.95,Correct,5
02_OL,B_L,E22_../audio/B/School_C.wav,331.10,332.40,1.30,Correct,7
02_OL,B_L,E23_../audio/B/Deer_C.wav,343.79,346.83,3.04,Correct,7
02_OL,B_L,E24_../audio/B/Cone_D.wav,353.86,355.01,1.15,Correct,7
02_OL,B_L,E25_../audio/B/Blind_P.wav,363.26,364.72,1.46,Correct,7
02_OL,B_L,E26_../audio/B/Frost_C.wav,371.82,377.45,5.63,Correct,7
02_OL,B_L,E27_../audio/B/Cone_F.wav,386.31,388.84,2.53,Correct,7
03_RT,B_R,E1_../audio/B/Mark_PR.wav,39.64,50.26,10.62,Correct,4
03_RT,B_R,E2_../audio/B/BendR_P.wav,77.23,82.42,5.19,Correct,7
03_RT,B_R,E3_../audio/B/Cone_B.wav,92.06,95.50,3.44,Correct,6
03_RT,B_R,E4_../audio/B/Toad_P.wav,115.46,117.35,1.89,Correct,7
03_RT,B_R,E5_../audio/B/Constr_P.wav,127.93,129.95,2.02,Correct,7
03_RT,B_R,E6_../audio/B/Cone_C.wav,136.18,136.57,0.39,Correct,7
03_RT,B_R,E7_../audio/B/ICE_C.wav,147.12,149.01,1.89,Correct,7
03_RT,B_R,E8_../audio/B/Tar_C.wav,159.27,164.13,4.86,Correct,6
03_RT,B_R,E9_../audio/B/Cone_A.wav,173.13,176.26,3.13,Incorrect,7
03_RT,B_R,E10_../audio/B/BendR_C.wav,208.38,211.23,2.85,Correct,3
03_RT,B_R,E11_../audio/B/Mark_P.wav,221.86,224.50,2.64,Correct,7
03_RT,B_R,E12_../audio/B/Cone_A.wav,232.27,233.51,1.24,Correct,7
03_RT,B_R,E13_../audio/B/Constr_C.wav,240.18,243.63,3.45,Correct,7
03_RT,B_R,E14_../audio/B/Toad_PR.wav,257.09,258.32,1.23,Correct,7
03_RT,B_R,E15_../audio/B/Cone_B.wav,265.76,268.00,2.24,Correct,7
03_RT,B_R,E16_../audio/B/Tar_PR.wav,274.09,277.98,3.89,Correct,7
03_RT,B_R,E17_../audio/B/ICE_PR.wav,290.49,293.64,3.15,Correct,7
03_RT,B_R,E18_../audio/B/Cone_C.wav,299.59,302.77,3.18,Correct,6
03_RT,B_R,E19_../audio/B/Mark_C.wav,307.96,313.42,5.46,Correct,6
03_RT,B_R,E20_../audio/B/BendR_PR.wav,326.49,328.54,2.05,Correct,6
03_RT,B_R,E21_../audio/B/Cone_A.wav,337.11,338.04,0.93,Correct,7
03_RT,B_R,E22_../audio/B/Toad_C.wav,343.02,346.63,3.61,Correct,7
03_RT,B_R,E23_../audio/B/Constr_PR.wav,360.75,363.93,3.18,Correct,4
03_RT,B_R,E24_../audio/B/Cone_B.wav,378.87,381.50,2.63,Correct,7
03_RT,B_R,E25_../audio/B/ICE_P.wav,407.50,409.15,1.65,Correct,7
03_RT,B_R,E26_../audio/B/Tar_P.wav,420.56,423.04,2.48,Correct,7
03_RT,B_R,E27_../audio/B/Cone_C.wav,448.72,451.52,2.80,Correct,6
03_RT,B_L,E1_../audio/B/Duck_C.wav,40.86,44.09,3.23,Correct,7
03_RT,B_L,E2_../audio/B/Flood_P.wav,55.11,57.72,2.61,Correct,7
03_RT,B_L,E3_../audio/B/Cone_F.wav,63.81,65.73,1.92,Correct,7
03_RT,B_L,E4_../audio/B/School_C.wav,71.79,75.67,3.88,Correct,7
03_RT,B_L,E5_../audio/B/Deer_C.wav,85.09,88.38,3.29,Correct,7
03_RT,B_L,E6_../audio/B/Cone_E.wav,95.08,97.13,2.05,Correct,7
03_RT,B_L,E7_../audio/B/Blind_C.wav,105.61,109.81,4.20,Correct,7
03_RT,B_L,E8_../audio/B/Frost_C.wav,118.70,125.37,6.67,Correct,6
03_RT,B_L,E9_../audio/B/Cone_D.wav,132.15,133.46,1.31,Correct,7
03_RT,B_L,E10_../audio/B/Flood_C.wav,139.20,144.13,4.93,Correct,7
03_RT,B_L,E11_../audio/B/Duck_PR.wav,157.01,158.53,1.52,Correct,7
03_RT,B_L,E12_../audio/B/Cone_E.wav,169.93,171.54,1.61,Correct,7
03_RT,B_L,E13_../audio/B/Deer_P.wav,201.99,204.57,2.58,Correct,7
03_RT,B_L,E14_../audio/B/School_P.wav,216.44,221.52,5.08,Correct,6
03_RT,B_L,E15_../audio/B/Cone_D.wav,229.71,231.54,1.83,Correct,7
03_RT,B_L,E16_../audio/B/Frost_P.wav,237.66,239.35,1.69,Correct,7
03_RT,B_L,E17_../audio/B/Blind_PR.wav,254.35,261.80,7.45,Correct,5
03_RT,B_L,E18_../audio/B/Cone_F.wav,269.51,272.20,2.69,Correct,7
03_RT,B_L,E19_../audio/B/Duck_P.wav,293.33,296.42,3.09,Correct,7
03_RT,B_L,E20_../audio/B/Flood_PR.wav,313.49,317.60,4.11,Correct,7
03_RT,B_L,E21_../audio/B/Cone_F.wav,324.70,327.75,3.05,Correct,7
03_RT,B_L,E22_../audio/B/School_PR.wav,362.15,366.33,4.18,Correct,6
03_RT,B_L,E23_../audio/B/Deer_PR.wav,376.08,377.31,1.23,Correct,7
03_RT,B_L,E24_../audio/B/Cone_D.wav,388.94,389.78,0.84,Correct,7
03_RT,B_L,E25_../audio/B/Blind_P.wav,396.39,398.82,2.43,Correct,7
03_RT,B_L,E26_../audio/B/Frost_PR.wav,408.03,414.50,6.47,Correct,5
03_RT,B_L,E27_../audio/B/Cone_E.wav,434.64,436.68,2.04,Correct,7
03_RT,C_R,E1_../audio/C/Mark_C.wav,22.81,27.83,5.02,Correct,4
03_RT,C_R,E2_../audio/C/BendR_P.wav,57.83,61.83,4.00,Correct,3
03_RT,C_R,E3_../audio/C/Cone_A.wav,84.20,87.71,3.51,Incorrect,2
03_RT,C_R,E4_../audio/C/Toad_PR.wav,118.01,120.67,2.66,Correct,5
03_RT,C_R,E5_../audio/C/Constr_P.wav,142.15,145.00,2.85,Incorrect,1
03_RT,C_R,E6_../audio/C/Cone_B.wav,167.48,171.07,3.59,Correct,3
03_RT,C_R,E7_../audio/C/ICE_C.wav,197.75,200.44,2.69,Correct,6
03_RT,C_R,E8_../audio/C/Tar_C.wav,222.94,225.80,2.86,Correct,4
03_RT,C_R,E9_../audio/C/Cone_C.wav,246.89,252.17,5.28,Incorrect,1
03_RT,C_R,E10_../audio/C/BendR_C.wav,273.84,277.19,3.35,Correct,6
03_RT,C_R,E11_../audio/C/Mark_P.wav,302.15,304.80,2.65,Correct,3
03_RT,C_R,E12_../audio/C/Cone_A.wav,327.68,330.57,2.89,Incorrect,2
03_RT,C_R,E13_../audio/C/Constr_C.wav,353.16,356.32,3.16,Correct,3
03_RT,C_R,E14_../audio/C/Toad_P.wav,382.02,386.21,4.19,Correct,6
03_RT,C_R,E15_../audio/C/Cone_B.wav,401.13,403.25,2.12,Correct,4
03_RT,C_R,E16_../audio/C/Tar_P.wav,426.07,430.25,4.18,Correct,5
03_RT,C_R,E17_../audio/C/ICE_P.wav,455.47,457.85,2.38,Correct,6
03_RT,C_R,E18_../audio/C/Cone_C.wav,477.64,480.59,2.95,Correct,2
03_RT,C_R,E19_../audio/C/Mark_PR.wav,501.36,503.29,1.93,Correct,5
03_RT,C_R,E20_../audio/C/BendR_PR.wav,540.36,545.37,5.01,Incorrect,1
03_RT,C_R,E21_../audio/C/Cone_C.wav,573.88,576.11,2.23,Correct,6
03_RT,C_R,E22_../audio/C/Toad_C.wav,595.25,597.29,2.04,Incorrect,1
03_RT,C_R,E23_../audio/C/Constr_PR.wav,629.50,637.23,7.73,Incorrect,6
03_RT,C_R,E24_../audio/C/Cone_B.wav,657.77,659.60,1.83,Correct,7
03_RT,C_R,E25_../audio/C/ICE_PR.wav,683.50,688.41,4.91,Correct,3
03_RT,C_R,E26_../audio/C/Tar_PR.wav,717.70,720.57,2.87,Correct,7
03_RT,C_R,E27_../audio/C/Cone_A.wav,763.47,765.69,2.22,Correct,6
03_RT,C_L,E1_../audio/C/Duck_PR.wav,18.97,20.45,1.48,Correct,7
03_RT,C_L,E2_../audio/C/Flood_C.wav,45.38,48.62,3.24,Correct,6
03_RT,C_L,E3_../audio/C/Cone_F.wav,70.41,73.24,2.83,Correct,2
03_RT,C_L,E4_../audio/C/School_C.wav,94.05,96.36,2.31,Correct,6
03_RT,C_L,E5_../audio/C/Deer_C.wav,119.14,120.83,1.69,Correct,7
03_RT,C_L,E6_../audio/C/Cone_D.wav,144.55,148.81,4.26,Correct,5
03_RT,C_L,E7_../audio/C/Blind_C.wav,166.26,168.99,2.73,Correct,6
03_RT,C_L,E8_../audio/C/Frost_C.wav,191.19,194.88,3.69,Correct,6
03_RT,C_L,E9_../audio/C/Cone_E.wav,219.34,223.81,4.47,Incorrect,2
03_RT,C_L,E10_../audio/C/Flood_PR.wav,244.33,246.46,2.13,Incorrect,1
03_RT,C_L,E11_../audio/C/Duck_P.wav,271.87,272.90,1.03,Correct,7
03_RT,C_L,E12_../audio/C/Cone_E.wav,288.80,291.05,2.25,Incorrect,2
03_RT,C_L,E13_../audio/C/Deer_P.wav,314.98,317.64,2.66,Correct,7
03_RT,C_L,E14_../audio/C/School_P.wav,340.60,343.11,2.51,Correct,7
03_RT,C_L,E15_../audio/C/Cone_D.wav,361.93,363.06,1.13,Correct,5
03_RT,C_L,E16_../audio/C/Frost_P.wav,386.61,388.42,1.81,Correct,5
03_RT,C_L,E17_../audio/C/Blind_PR.wav,414.41,423.76,9.35,Incorrect,2
03_RT,C_L,E18_../audio/C/Cone_F.wav,448.52,450.62,2.10,Correct,3
03_RT,C_L,E19_../audio/C/Duck_C.wav,470.06,474.39,4.33,Correct,7
03_RT,C_L,E20_../audio/C/Flood_P.wav,499.11,501.48,2.37,Correct,7
03_RT,C_L,E21_../audio/C/Cone_E.wav,519.00,524.31,5.31,Incorrect,5
03_RT,C_L,E22_../audio/C/School_PR.wav,549.28,551.33,2.05,Incorrect,3
03_RT,C_L,E23_../audio/C/Deer_PR.wav,581.46,583.00,1.54,Correct,7
03_RT,C_L,E24_../audio/C/Cone_F.wav,600.58,603.04,2.46,Correct,2
03_RT,C_L,E25_../audio/C/Blind_P.wav,627.51,630.13,2.62,Correct,7
03_RT,C_L,E26_../audio/C/Frost_PR.wav,652.36,655.09,2.73,Correct,6
03_RT,C_L,E27_../audio/C/Cone_D.wav,690.02,693.87,3.85,Correct,6
04_OL,C_R,E1_../audio/C/Mark_P.wav,20.01,27.17,7.16,Incorrect,3
04_OL,C_R,E2_../audio/C/BendR_C.wav,29.45,31.56,2.11,Correct,7
04_OL,C_R,E3_../audio/C/Cone_C.wav,52.43,54.42,1.99,Correct,3
04_OL,C_R,E4_../audio/C/Toad_P.wav,77.20,79.58,2.38,Correct,3
04_OL,C_R,E5_../audio/C/Constr_P.wav,100.51,106.10,5.59,Incorrect,4
04_OL,C_R,E6_../audio/C/Cone_A.wav,158.39,160.22,1.83,Incorrect,3
04_OL,C_R,E7_../audio/C/ICE_PR.wav,193.49,216.74,23.25,Incorrect,3
04_OL,C_R,E8_../audio/C/Tar_P.wav,239.66,249.40,9.74,Incorrect,2
04_OL,C_R,E9_../audio/C/Cone_B.wav,276.60,278.74,2.14,Incorrect,5
04_OL,C_R,E10_../audio/C/BendR_P.wav,312.02,314.17,2.15,Correct,5
04_OL,C_R,E11_../audio/C/Mark_C.wav,335.07,344.43,9.36,Correct,6
04_OL,C_R,E12_../audio/C/Cone_A.wav,365.13,368.72,3.59,Correct,7
04_OL,C_R,E13_../audio/C/Constr_PR.wav,391.29,396.04,4.75,Correct,7
04_OL,C_R,E14_../audio/C/Toad_C.wav,418.43,430.63,12.20,Correct,7
04_OL,C_R,E15_../audio/C/Cone_C.wav,454.43,456.40,1.97,Correct,6
04_OL,C_R,E16_../audio/C/Tar_PR.wav,487.01,490.42,3.41,Correct,7
04_OL,C_R,E17_../audio/C/ICE_P.wav,513.53,527.38,13.85,Incorrect,4
04_OL,C_R,E18_../audio/C/Cone_B.wav,547.35,553.36,6.01,Correct,6
04_OL,C_R,E19_../audio/C/Mark_P.wav,570.46,573.71,3.25,Correct,7
04_OL,C_R,E20_../audio/C/BendR_PR.wav,595.13,599.02,3.89,Correct,7
04_OL,C_R,E21_../audio/C/Cone_C.wav,617.08,625.48,8.40,Correct,6
04_OL,C_R,E22_../audio/C/Toad_PR.wav,644.01,653.17,9.16,Correct,5
04_OL,C_R,E23_../audio/C/Constr_C.wav,800.74,802.49,1.75,Correct,7
04_OL,C_R,E24_../audio/C/Cone_B.wav,820.29,823.87,3.58,Incorrect,5
04_OL,C_R,E25_../audio/C/ICE_C.wav,841.82,842.72,0.90,Correct,7
04_OL,C_R,E26_../audio/C/Tar_C.wav,861.08,864.71,3.63,Correct,5
04_OL,C_R,E27_../audio/C/Cone_A.wav,891.86,899.89,8.03,Correct,5
04_OL,C_L,E1_../audio/C/Duck_PR.wav,13.16,17.01,3.85,Correct,7
04_OL,C_L,E2_../audio/C/Flood_C.wav,65.81,71.75,5.94,Correct,7
04_OL,C_L,E3_../audio/C/Cone_F.wav,87.95,89.07,1.12,Correct,7
04_OL,C_L,E4_../audio/C/School_PR.wav,108.64,111.72,3.08,Correct,7
04_OL,C_L,E5_../audio/C/Deer_PR.wav,132.41,136.91,4.50,Correct,7
04_OL,C_L,E6_../audio/C/Cone_E.wav,153.16,155.52,2.36,Correct,6
04_OL,C_L,E7_../audio/C/Blind_PR.wav,174.72,177.11,2.39,Correct,7
04_OL,C_L,E8_../audio/C/Frost_P.wav,200.30,202.83,2.53,Correct,7
04_OL,C_L,E9_../audio/C/Cone_D.wav,226.00,235.54,9.54,Correct,4
04_OL,C_L,E10_../audio/C/Flood_P.wav,274.66,278.18,3.52,Correct,5
04_OL,C_L,E11_../audio/C/Duck_P.wav,298.03,300.20,2.17,Incorrect,7
04_OL,C_L,E12_../audio/C/Cone_E.wav,326.26,328.32,2.06,Correct,7
04_OL,C_L,E13_../audio/C/Deer_P.wav,344.12,345.58,1.46,Correct,7
04_OL,C_L,E14_../audio/C/School_P.wav,365.41,368.14,2.73,Incorrect,7
04_OL,C_L,E15_../audio/C/Cone_D.wav,390.50,391.08,0.58,Correct,7
04_OL,C_L,E16_../audio/C/Frost_PR.wav,423.69,424.77,1.08,Correct,7
04_OL,C_L,E17_../audio/C/Blind_P.wav,444.51,446.87,2.36,Correct,7
04_OL,C_L,E18_../audio/C/Cone_F.wav,465.16,472.10,6.94,Incorrect,3
04_OL,C_L,E19_../audio/C/Duck_C.wav,489.92,493.99,4.07,Correct,5
04_OL,C_L,E20_../audio/C/Flood_PR.wav,516.23,519.10,2.87,Correct,7
04_OL,C_L,E21_../audio/C/Cone_F.wav,544.66,547.75,3.09,Correct,4
04_OL,C_L,E22_../audio/C/School_C.wav,577.26,582.72,5.46,Correct,6
04_OL,C_L,E23_../audio/C/Deer_C.wav,604.94,611.34,6.40,Incorrect,3
04_OL,C_L,E24_../audio/C/Cone_D.wav,633.31,635.80,2.49,Incorrect,4
04_OL,C_L,E25_../audio/C/Blind_C.wav,651.23,652.60,1.37,Correct,7
04_OL,C_L,E26_../audio/C/Frost_C.wav,673.34,675.80,2.46,Correct,7
04_OL,C_L,E27_../audio/C/Cone_E.wav,701.01,704.43,3.42,Incorrect,3
04_OL,B_R,E1_../audio/B/Mark_PR.wav,36.41,41.04,4.63,Correct,7
04_OL,B_R,E2_../audio/B/BendR_PR.wav,67.29,71.58,4.29,Correct,7
04_OL,B_R,E3_../audio/B/Cone_C.wav,79.93,80.73,0.80,Correct,7
04_OL,B_R,E4_../audio/B/Toad_C.wav,94.04,98.38,4.34,Correct,7
04_OL,B_R,E5_../audio/B/Constr_C.wav,103.59,105.28,1.69,Correct,7
04_OL,B_R,E6_../audio/B/Cone_A.wav,111.25,111.77,0.52,Correct,7
04_OL,B_R,E7_../audio/B/ICE_C.wav,129.44,131.98,2.54,Correct,7
04_OL,B_R,E8_../audio/B/Tar_P.wav,140.42,142.18,1.76,Correct,7
04_OL,B_R,E9_../audio/B/Cone_B.wav,149.77,150.77,1.00,Correct,7
04_OL,B_R,E10_../audio/B/BendR_P.wav,171.01,175.21,4.20,Incorrect,7
04_OL,B_R,E11_../audio/B/Mark_P.wav,198.51,218.42,19.91,Correct,7
04_OL,B_R,E12_../audio/B/Cone_C.wav,226.84,230.97,4.13,Correct,6
04_OL,B_R,E13_../audio/B/Constr_PR.wav,248.05,250.81,2.76,Correct,7
04_OL,B_R,E14_../audio/B/Toad_P.wav,273.42,277.84,4.42,Correct,7
04_OL,B_R,E15_../audio/B/Cone_B.wav,286.06,286.80,0.74,Correct,7
04_OL,B_R,E16_../audio/B/Tar_C.wav,301.48,303.62,2.14,Correct,7
04_OL,B_R,E17_../audio/B/ICE_P.wav,311.28,311.78,0.50,Correct,7
04_OL,B_R,E18_../audio/B/Cone_A.wav,322.10,322.52,0.42,Correct,7
04_OL,B_R,E19_../audio/B/Mark_PR.wav,342.79,345.53,2.74,Correct,7
04_OL,B_R,E20_../audio/B/BendR_C.wav,352.71,354.11,1.40,Correct,7
04_OL,B_R,E21_../audio/B/Cone_A.wav,364.02,365.23,1.21,Correct,7
04_OL,B_R,E22_../audio/B/Toad_PR.wav,383.28,385.61,2.33,Correct,7
04_OL,B_R,E23_../audio/B/Constr_P.wav,409.26,410.86,1.60,Correct,7
04_OL,B_R,E24_../audio/B/Cone_C.wav,418.18,418.43,0.25,Correct,7
04_OL,B_R,E25_../audio/B/ICE_PR.wav,441.43,443.28,1.85,Correct,7
04_OL,B_R,E26_../audio/B/Tar_PR.wav,450.10,451.34,1.24,Correct,7
04_OL,B_R,E27_../audio/B/Cone_B.wav,466.88,468.67,1.79,Incorrect,7
04_OL,B_L,E1_../audio/B/Duck_PR.wav,28.62,31.41,2.79,Correct,7
04_OL,B_L,E2_../audio/B/Flood_P.wav,40.39,43.23,2.84,Correct,7
04_OL,B_L,E3_../audio/B/Cone_D.wav,50.39,51.48,1.09,Correct,7
04_OL,B_L,E4_../audio/B/School_C.wav,69.50,71.01,1.51,Correct,7
04_OL,B_L,E5_../audio/B/Deer_C.wav,78.42,83.55,5.13,Correct,7
04_OL,B_L,E6_../audio/B/Cone_F.wav,91.22,92.42,1.20,Correct,7
04_OL,B_L,E7_../audio/B/Blind_P.wav,109.64,111.88,2.24,Correct,7
04_OL,B_L,E8_../audio/B/Frost_C.wav,119.04,123.31,4.27,Correct,7
04_OL,B_L,E9_../audio/B/Cone_E.wav,131.28,137.26,5.98,Correct,7
04_OL,B_L,E10_../audio/B/Flood_C.wav,149.27,151.14,1.87,Correct,7
04_OL,B_L,E11_../audio/B/Duck_C.wav,158.37,160.80,2.43,Correct,7
04_OL,B_L,E12_../audio/B/Cone_D.wav,168.66,169.63,0.97,Correct,7
04_OL,B_L,E13_../audio/B/Deer_P.wav,189.94,192.55,2.61,Correct,7
04_OL,B_L,E14_../audio/B/School_PR.wav,220.23,222.39,2.16,Correct,7
04_OL,B_L,E15_../audio/B/Cone_F.wav,232.02,233.68,1.66,Correct,7
04_OL,B_L,E16_../audio/B/Frost_P.wav,250.74,253.13,2.39,Correct,3
04_OL,B_L,E17_../audio/B/Blind_C.wav,260.60,265.46,4.86,Incorrect,7
04_OL,B_L,E18_../audio/B/Cone_F.wav,272.91,273.70,0.79,Correct,7
04_OL,B_L,E19_../audio/B/Duck_P.wav,291.21,291.72,0.51,Correct,7
04_OL,B_L,E20_../audio/B/Flood_PR.wav,302.20,305.00,2.80,Correct,7
04_OL,B_L,E21_../audio/B/Cone_D.wav,312.81,313.05,0.24,Correct,7
04_OL,B_L,E22_../audio/B/School_P.wav,381.41,386.27,4.86,Correct,7
04_OL,B_L,E23_../audio/B/Deer_PR.wav,408.14,410.02,1.88,Correct,7
04_OL,B_L,E24_../audio/B/Cone_E.wav,417.23,418.94,1.71,Incorrect,7
04_OL,B_L,E25_../audio/B/Blind_PR.wav,438.50,442.68,4.18,Correct,7
04_OL,B_L,E26_../audio/B/Frost_PR.wav,464.22,466.30,2.08,Correct,7
04_OL,B_L,E27_../audio/B/Cone_D.wav,481.00,484.35,3.35,Correct,7
05_RT,B_R,E1_../audio/B/Mark_P.wav,34.47,39.98,5.51,Correct,1
05_RT,B_R,E2_../audio/B/BendR_P.wav,46.44,50.97,4.53,Incorrect,7
05_RT,B_R,E3_../audio/B/Cone_A.wav,58.13,61.62,3.49,Correct,7
05_RT,B_R,E4_../audio/B/Toad_C.wav,83.71,89.13,5.42,Incorrect,1
05_RT,B_R,E5_../audio/B/Constr_PR.wav,99.07,103.93,4.86,Correct,7
05_RT,B_R,E6_../audio/B/Cone_B.wav,109.87,111.30,1.43,Correct,7
05_RT,B_R,E7_../audio/B/ICE_C.wav,134.93,137.80,2.87,Correct,7
05_RT,B_R,E8_../audio/B/Tar_P.wav,147.20,152.40,5.20,Incorrect,5
05_RT,B_R,E9_../audio/B/Cone_C.wav,162.66,165.13,2.47,Correct,7
05_RT,B_R,E10_../audio/B/BendR_C.wav,170.58,172.78,2.20,Correct,7
05_RT,B_R,E11_../audio/B/Mark_PR.wav,184.98,191.32,6.34,Incorrect,1
05_RT,B_R,E12_../audio/B/Cone_C.wav,199.47,202.30,2.83,Correct,7
05_RT,B_R,E13_../audio/B/Constr_P.wav,232.01,233.85,1.84,Correct,7
05_RT,B_R,E14_../audio/B/Toad_P.wav,247.23,251.13,3.90,Correct,5
05_RT,B_R,E15_../audio/B/Cone_A.wav,260.11,260.78,0.67,Correct,7
05_RT,B_R,E16_../audio/B/Tar_PR.wav,268.63,276.02,7.39,Correct,7
05_RT,B_R,E17_../audio/B/ICE_PR.wav,289.74,292.07,2.33,Correct,7
05_RT,B_R,E18_../audio/B/Cone_B.wav,300.34,301.42,1.08,Correct,7
05_RT,B_R,E19_../audio/B/Mark_C.wav,307.11,319.65,12.54,Correct,5
05_RT,B_R,E20_../audio/B/BendR_PR.wav,329.93,331.57,1.64,Incorrect,7
05_RT,B_R,E21_../audio/B/Cone_B.wav,343.20,344.75,1.55,Correct,7
05_RT,B_R,E22_../audio/B/Toad_PR.wav,374.93,376.15,1.22,Correct,6
05_RT,B_R,E23_../audio/B/Constr_C.wav,392.67,395.10,2.43,Correct,7
05_RT,B_R,E24_../audio/B/Cone_C.wav,405.78,407.75,1.97,Correct,7
05_RT,B_R,E25_../audio/B/ICE_P.wav,440.68,442.88,2.20,Correct,7
05_RT,B_R,E26_../audio/B/Tar_C.wav,453.63,459.27,5.64,Correct,7
05_RT,B_R,E27_../audio/B/Cone_A.wav,468.91,469.92,1.01,Correct,7
05_RT,B_L,E1_../audio/B/Duck_P.wav,56.28,58.02,1.74,Correct,7
05_RT,B_L,E2_../audio/B/Flood_PR.wav,70.63,73.78,3.15,Correct,7
05_RT,B_L,E3_../audio/B/Cone_F.wav,82.94,83.38,0.44,Correct,7
05_RT,B_L,E4_../audio/B/School_C.wav,87.93,91.21,3.28,Correct,7
05_RT,B_L,E5_../audio/B/Deer_P.wav,102.96,104.97,2.01,Correct,7
05_RT,B_L,E6_../audio/B/Cone_E.wav,111.18,112.34,1.16,Correct,7
05_RT,B_L,E7_../audio/B/Blind_C.wav,123.29,127.98,4.69,Correct,7
05_RT,B_L,E8_../audio/B/Frost_PR.wav,141.31,144.95,3.64,Correct,7
05_RT,B_L,E9_../audio/B/Cone_D.wav,153.41,154.34,0.93,Correct,7
05_RT,B_L,E10_../audio/B/Flood_C.wav,163.97,168.20,4.23,Correct,7
05_RT,B_L,E11_../audio/B/Duck_PR.wav,182.15,183.81,1.66,Correct,7
05_RT,B_L,E12_../audio/B/Cone_E.wav,190.63,192.00,1.37,Correct,7
05_RT,B_L,E13_../audio/B/Deer_PR.wav,200.89,202.28,1.39,Correct,7
05_RT,B_L,E14_../audio/B/School_PR.wav,214.40,216.99,2.59,Correct,6
05_RT,B_L,E15_../audio/B/Cone_F.wav,223.64,224.85,1.21,Correct,7
05_RT,B_L,E16_../audio/B/Frost_C.wav,229.57,233.20,3.63,Correct,7
05_RT,B_L,E17_../audio/B/Blind_PR.wav,251.30,254.46,3.16,Correct,6
05_RT,B_L,E18_../audio/B/Cone_D.wav,260.38,262.19,1.81,Correct,7
05_RT,B_L,E19_../audio/B/Duck_C.wav,267.32,268.78,1.46,Correct,7
05_RT,B_L,E20_../audio/B/Flood_P.wav,282.32,284.77,2.45,Correct,7
05_RT,B_L,E21_../audio/B/Cone_F.wav,291.32,293.12,1.80,Correct,7
05_RT,B_L,E22_../audio/B/School_P.wav,302.71,306.93,4.22,Correct,7
05_RT,B_L,E23_../audio/B/Deer_C.wav,317.40,319.58,2.18,Correct,7
05_RT,B_L,E24_../audio/B/Cone_D.wav,327.27,328.80,1.53,Correct,7
05_RT,B_L,E25_../audio/B/Blind_P.wav,338.32,339.74,1.42,Correct,7
05_RT,B_L,E26_../audio/B/Frost_P.wav,351.87,353.49,1.62,Correct,7
05_RT,B_L,E27_../audio/B/Cone_E.wav,376.04,377.45,1.41,Correct,7
05_RT,C_R,E1_../audio/C/Mark_P.wav,21.74,25.10,3.36,Incorrect,1
05_RT,C_R,E2_../audio/C/BendR_P.wav,49.66,54.98,5.32,Correct,7
05_RT,C_R,E3_../audio/C/Cone_C.wav,81.31,85.33,4.02,Correct,2
05_RT,C_R,E4_../audio/C/Toad_C.wav,108.45,110.31,1.86,Incorrect,1
05_RT,C_R,E5_../audio/C/Constr_P.wav,134.55,135.89,1.34,Correct,7
05_RT,C_R,E6_../audio/C/Cone_B.wav,154.37,156.21,1.84,Correct,3
05_RT,C_R,E7_../audio/C/ICE_PR.wav,180.13,182.96,2.83,Incorrect,5
05_RT,C_R,E8_../audio/C/Tar_PR.wav,228.01,235.30,7.29,Correct,7
05_RT,C_R,E9_../audio/C/Cone_A.wav,252.08,253.27,1.19,Correct,7
05_RT,C_R,E10_../audio/C/BendR_C.wav,280.74,282.85,2.11,Correct,7
05_RT,C_R,E11_../audio/C/Mark_C.wav,310.41,315.78,5.37,Correct,7
05_RT,C_R,E12_../audio/C/Cone_A.wav,333.72,336.01,2.29,Correct,7
05_RT,C_R,E13_../audio/C/Constr_C.wav,356.86,358.52,1.66,Correct,7
05_RT,C_R,E14_../audio/C/Toad_P.wav,384.16,385.69,1.53,Correct,7
05_RT,C_R,E15_../audio/C/Cone_C.wav,405.50,409.94,4.44,Correct,7
05_RT,C_R,E16_../audio/C/Tar_P.wav,433.17,436.68,3.51,Correct,7
05_RT,C_R,E17_../audio/C/ICE_P.wav,463.37,470.70,7.33,Incorrect,1
05_RT,C_R,E18_../audio/C/Cone_B.wav,496.26,498.05,1.79,Correct,7
05_RT,C_R,E19_../audio/C/Mark_PR.wav,519.70,524.33,4.63,Correct,7
05_RT,C_R,E20_../audio/C/BendR_PR.wav,554.23,556.96,2.73,Correct,7
05_RT,C_R,E21_../audio/C/Cone_A.wav,582.69,585.35,2.66,Correct,7
05_RT,C_R,E22_../audio/C/Toad_PR.wav,607.25,609.24,1.99,Correct,7
05_RT,C_R,E23_../audio/C/Constr_PR.wav,666.52,670.20,3.68,Correct,7
05_RT,C_R,E24_../audio/C/Cone_B.wav,698.78,700.35,1.57,Correct,7
05_RT,C_R,E25_../audio/C/ICE_C.wav,715.25,717.57,2.32,Correct,7
05_RT,C_R,E26_../audio/C/Tar_C.wav,741.94,742.19,0.25,Correct,7
05_RT,C_R,E27_../audio/C/Cone_C.wav,766.18,767.97,1.79,Correct,7
05_RT,C_L,E1_../audio/C/Duck_P.wav,20.13,22.05,1.92,Correct,5
05_RT,C_L,E2_../audio/C/Flood_PR.wav,127.82,132.17,4.35,Correct,7
05_RT,C_L,E3_../audio/C/Cone_E.wav,152.61,156.84,4.23,Correct,7
05_RT,C_L,E4_../audio/C/School_PR.wav,181.47,186.96,5.49,Correct,7
05_RT,C_L,E5_../audio/C/Deer_P.wav,213.55,216.04,2.49,Correct,7
05_RT,C_L,E6_../audio/C/Cone_F.wav,234.45,237.56,3.11,Correct,5
05_RT,C_L,E7_../audio/C/Blind_C.wav,262.40,267.52,5.12,Correct,5
05_RT,C_L,E8_../audio/C/Frost_C.wav,297.67,301.74,4.07,Correct,7
05_RT,C_L,E9_../audio/C/Cone_D.wav,321.60,322.79,1.19,Correct,7
05_RT,C_L,E10_../audio/C/Flood_P.wav,339.46,342.21,2.75,Correct,7
05_RT,C_L,E11_../audio/C/Duck_C.wav,365.44,371.95,6.51,Incorrect,1
05_RT,C_L,E12_../audio/C/Cone_F.wav,452.47,454.21,1.74,Correct,7
05_RT,C_L,E13_../audio/C/Deer_C.wav,475.20,479.45,4.25,Incorrect,1
05_RT,C_L,E14_../audio/C/School_P.wav,503.08,505.26,2.18,Correct,7
05_RT,C_L,E15_../audio/C/Cone_D.wav,528.87,530.35,1.48,Correct,7
05_RT,C_L,E16_../audio/C/Frost_PR.wav,545.64,549.85,4.21,Correct,7
05_RT,C_L,E17_../audio/C/Blind_P.wav,569.55,571.29,1.74,Correct,7
05_RT,C_L,E18_../audio/C/Cone_E.wav,589.18,595.07,5.89,Correct,7
05_RT,C_L,E19_../audio/C/Duck_PR.wav,615.81,617.39,1.58,Correct,7
05_RT,C_L,E20_../audio/C/Flood_C.wav,642.22,646.28,4.06,Correct,7
05_RT,C_L,E21_../audio/C/Cone_E.wav,664.90,665.72,0.82,Correct,7
05_RT,C_L,E22_../audio/C/School_C.wav,683.11,686.12,3.01,Correct,7
05_RT,C_L,E23_../audio/C/Deer_PR.wav,708.58,709.85,1.27,Correct,7
05_RT,C_L,E24_../audio/C/Cone_F.wav,732.32,734.03,1.71,Correct,5
05_RT,C_L,E25_../audio/C/Blind_PR.wav,750.54,754.22,3.68,Correct,6
05_RT,C_L,E26_../audio/C/Frost_P.wav,776.69,779.10,2.41,Correct,7
05_RT,C_L,E27_../audio/C/Cone_D.wav,795.67,802.68,7.01,Correct,7
06_OL,C_R,E1_../audio/C/Mark_PR.wav,81.80,139.92,58.12,Incorrect,6
06_OL,C_R,E2_../audio/C/BendR_P.wav,178.48,192.39,13.91,Correct,7
06_OL,C_R,E3_../audio/C/Cone_B.wav,225.59,230.40,4.81,Incorrect,2
06_OL,C_R,E4_../audio/C/Toad_PR.wav,256.44,262.77,6.33,Incorrect,3
06_OL,C_R,E5_../audio/C/Constr_P.wav,287.86,290.90,3.04,Correct,7
06_OL,C_R,E6_../audio/C/Cone_C.wav,310.47,316.56,6.09,Correct,3
06_OL,C_R,E7_../audio/C/ICE_P.wav,338.60,340.98,2.38,Correct,7
06_OL,C_R,E8_../audio/C/Tar_PR.wav,369.57,370.87,1.30,Correct,7
06_OL,C_R,E9_../audio/C/Cone_A.wav,392.19,394.47,2.28,Correct,6
06_OL,C_R,E10_../audio/C/BendR_C.wav,422.11,426.70,4.59,Correct,6
06_OL,C_R,E11_../audio/C/Mark_C.wav,463.50,466.51,3.01,Correct,6
06_OL,C_R,E12_../audio/C/Cone_A.wav,489.29,490.35,1.06,Correct,6
06_OL,C_R,E13_../audio/C/Constr_C.wav,515.53,521.51,5.98,Incorrect,2
06_OL,C_R,E14_../audio/C/Toad_P.wav,548.81,551.93,3.12,Correct,7
06_OL,C_R,E15_../audio/C/Cone_C.wav,578.15,579.97,1.82,Correct,7
06_OL,C_R,E16_../audio/C/Tar_C.wav,606.80,611.57,4.77,Correct,7
06_OL,C_R,E17_../audio/C/ICE_PR.wav,643.36,646.23,2.87,Correct,7
06_OL,C_R,E18_../audio/C/Cone_B.wav,669.73,671.36,1.63,Correct,4
06_OL,C_R,E19_../audio/C/Mark_P.wav,698.75,703.22,4.47,Correct,7
06_OL,C_R,E20_../audio/C/BendR_PR.wav,733.09,740.68,7.59,Correct,7
06_OL,C_R,E21_../audio/C/Cone_A.wav,762.76,765.03,2.27,Correct,4
06_OL,C_R,E22_../audio/C/Toad_C.wav,789.95,794.50,4.55,Correct,3
06_OL,C_R,E23_../audio/C/Constr_PR.wav,836.01,839.57,3.56,Correct,7
06_OL,C_R,E24_../audio/C/Cone_B.wav,864.18,865.46,1.28,Correct,7
06_OL,C_R,E25_../audio/C/ICE_C.wav,892.90,894.83,1.93,Correct,7
06_OL,C_R,E26_../audio/C/Tar_P.wav,923.38,925.87,2.49,Correct,7
06_OL,C_R,E27_../audio/C/Cone_C.wav,942.84,944.30,1.46,Correct,7
06_OL,C_L,E1_../audio/C/Duck_P.wav,21.90,23.38,1.48,Correct,7
06_OL,C_L,E2_../audio/C/Flood_C.wav,63.31,68.14,4.83,Correct,7
06_OL,C_L,E3_../audio/C/Cone_D.wav,92.13,93.58,1.45,Correct,7
06_OL,C_L,E4_../audio/C/School_C.wav,123.21,140.83,17.62,Incorrect,7
06_OL,C_L,E5_../audio/C/Deer_P.wav,173.26,175.17,1.91,Correct,7
06_OL,C_L,E6_../audio/C/Cone_F.wav,191.56,194.77,3.21,Correct,4
06_OL,C_L,E7_../audio/C/Blind_PR.wav,222.67,227.35,4.68,Correct,7
06_OL,C_L,E8_../audio/C/Frost_C.wav,260.61,264.15,3.54,Correct,7
06_OL,C_L,E9_../audio/C/Cone_E.wav,287.44,290.38,2.94,Correct,4
06_OL,C_L,E10_../audio/C/Flood_P.wav,312.46,314.88,2.42,Incorrect,2
06_OL,C_L,E11_../audio/C/Duck_C.wav,347.91,352.53,4.62,Correct,7
06_OL,C_L,E12_../audio/C/Cone_E.wav,379.04,381.13,2.09,Correct,6
06_OL,C_L,E13_../audio/C/Deer_PR.wav,410.79,413.26,2.47,Incorrect,1
06_OL,C_L,E14_../audio/C/School_P.wav,448.52,452.20,3.68,Correct,7
06_OL,C_L,E15_../audio/C/Cone_F.wav,473.78,476.19,2.41,Correct,6
06_OL,C_L,E16_../audio/C/Frost_PR.wav,504.72,507.56,2.84,Correct,7
06_OL,C_L,E17_../audio/C/Blind_P.wav,538.36,540.21,1.85,Correct,7
06_OL,C_L,E18_../audio/C/Cone_D.wav,563.61,566.06,2.45,Incorrect,7
06_OL,C_L,E19_../audio/C/Duck_PR.wav,589.05,591.77,2.72,Correct,7
06_OL,C_L,E20_../audio/C/Flood_PR.wav,625.28,626.92,1.64,Correct,7
06_OL,C_L,E21_../audio/C/Cone_E.wav,645.91,649.75,3.84,Correct,5
06_OL,C_L,E22_../audio/C/School_PR.wav,678.95,685.09,6.14,Correct,7
06_OL,C_L,E23_../audio/C/Deer_C.wav,778.58,783.44,4.86,Correct,7
06_OL,C_L,E24_../audio/C/Cone_F.wav,801.94,803.14,1.20,Correct,4
06_OL,C_L,E25_../audio/C/Blind_C.wav,831.47,835.23,3.76,Correct,7
06_OL,C_L,E26_../audio/C/Frost_P.wav,864.40,866.22,1.82,Correct,7
06_OL,C_L,E27_../audio/C/Cone_D.wav,894.51,897.31,2.80,Correct,6
06_OL,B_R,E1_../audio/B/Mark_PR.wav,56.08,63.52,7.44,Correct,6
06_OL,B_R,E2_../audio/B/BendR_P.wav,78.01,82.39,4.38,Correct,6
06_OL,B_R,E3_../audio/B/Cone_C.wav,89.82,92.26,2.44,Correct,7
06_OL,B_R,E4_../audio/B/Toad_P.wav,111.94,113.67,1.73,Correct,7
06_OL,B_R,E5_../audio/B/Constr_C.wav,131.29,134.24,2.95,Correct,7
06_OL,B_R,E6_../audio/B/Cone_B.wav,147.50,148.55,1.05,Correct,7
06_OL,B_R,E7_../audio/B/ICE_C.wav,163.22,166.48,3.26,Correct,7
06_OL,B_R,E8_../audio/B/Tar_PR.wav,184.54,189.49,4.95,Correct,7
06_OL,B_R,E9_../audio/B/Cone_A.wav,195.12,195.96,0.84,Correct,7
06_OL,B_R,E10_../audio/B/BendR_C.wav,214.29,220.07,5.78,Correct,7
06_OL,B_R,E11_../audio/B/Mark_C.wav,231.43,237.65,6.22,Correct,7
06_OL,B_R,E12_../audio/B/Cone_C.wav,249.59,251.26,1.67,Correct,7
06_OL,B_R,E13_../audio/B/Constr_P.wav,259.46,262.70,3.24,Correct,7
06_OL,B_R,E14_../audio/B/Toad_PR.wav,278.88,280.91,2.03,Correct,7
06_OL,B_R,E15_../audio/B/Cone_A.wav,288.39,289.38,0.99,Correct,7
06_OL,B_R,E16_../audio/B/Tar_C.wav,303.44,307.04,3.60,Correct,7
06_OL,B_R,E17_../audio/B/ICE_PR.wav,327.04,330.19,3.15,Correct,7
06_OL,B_R,E18_../audio/B/Cone_B.wav,337.08,340.42,3.34,Correct,7
06_OL,B_R,E19_../audio/B/Mark_P.wav,350.84,353.95,3.11,Correct,4
06_OL,B_R,E20_../audio/B/BendR_PR.wav,373.46,376.26,2.80,Correct,7
06_OL,B_R,E21_../audio/B/Cone_C.wav,383.16,384.95,1.79,Correct,7
06_OL,B_R,E22_../audio/B/Toad_C.wav,397.22,400.57,3.35,Correct,7
06_OL,B_R,E23_../audio/B/Constr_PR.wav,457.41,460.54,3.13,Correct,7
06_OL,B_R,E24_../audio/B/Cone_A.wav,468.40,469.51,1.11,Correct,7
06_OL,B_R,E25_../audio/B/ICE_P.wav,483.52,485.04,1.52,Correct,7
06_OL,B_R,E26_../audio/B/Tar_P.wav,502.15,506.09,3.94,Correct,7
06_OL,B_R,E27_../audio/B/Cone_B.wav,512.75,515.64,2.89,Correct,7
06_OL,B_L,E1_../audio/B/Duck_PR.wav,17.97,21.36,3.39,Correct,7
06_OL,B_L,E2_../audio/B/Flood_P.wav,39.02,42.87,3.85,Correct,7
06_OL,B_L,E3_../audio/B/Cone_D.wav,53.82,55.62,1.80,Correct,7
06_OL,B_L,E4_../audio/B/School_P.wav,72.20,75.52,3.32,Correct,7
06_OL,B_L,E5_../audio/B/Deer_P.wav,91.98,93.11,1.13,Correct,7
06_OL,B_L,E6_../audio/B/Cone_F.wav,103.04,103.74,0.70,Correct,7
06_OL,B_L,E7_../audio/B/Blind_PR.wav,120.20,123.52,3.32,Correct,7
06_OL,B_L,E8_../audio/B/Frost_PR.wav,138.09,141.35,3.26,Correct,7
06_OL,B_L,E9_../audio/B/Cone_E.wav,155.09,156.35,1.26,Correct,7
06_OL,B_L,E10_../audio/B/Flood_C.wav,164.04,168.09,4.05,Correct,7
06_OL,B_L,E11_../audio/B/Duck_P.wav,190.86,192.12,1.26,Correct,7
06_OL,B_L,E12_../audio/B/Cone_E.wav,199.70,202.55,2.85,Correct,7
06_OL,B_L,E13_../audio/B/Deer_PR.wav,222.61,224.23,1.62,Correct,7
06_OL,B_L,E14_../audio/B/School_C.wav,245.56,250.47,4.91,Correct,7
06_OL,B_L,E15_../audio/B/Cone_F.wav,257.82,261.16,3.34,Incorrect,7
06_OL,B_L,E16_../audio/B/Frost_C.wav,273.10,279.48,6.38,Correct,7
06_OL,B_L,E17_../audio/B/Blind_P.wav,298.70,300.32,1.62,Correct,7
06_OL,B_L,E18_../audio/B/Cone_D.wav,312.36,312.77,0.41,Correct,7
06_OL,B_L,E19_../audio/B/Duck_C.wav,325.29,327.92,2.63,Correct,7
06_OL,B_L,E20_../audio/B/Flood_PR.wav,346.97,349.37,2.40,Correct,7
06_OL,B_L,E21_../audio/B/Cone_E.wav,355.97,356.61,0.64,Correct,7
06_OL,B_L,E22_../audio/B/School_PR.wav,373.79,376.65,2.86,Correct,7
06_OL,B_L,E23_../audio/B/Deer_C.wav,388.90,394.85,5.95,Correct,7
06_OL,B_L,E24_../audio/B/Cone_F.wav,401.06,402.14,1.08,Correct,7
06_OL,B_L,E25_../audio/B/Blind_C.wav,413.16,415.92,2.76,Correct,7
06_OL,B_L,E26_../audio/B/Frost_P.wav,429.75,432.19,2.44,Correct,7
06_OL,B_L,E27_../audio/B/Cone_D.wav,439.35,440.94,1.59,Correct,7
07_RT,B_R,E1_../audio/B/Mark_C.wav,31.72,41.76,10.04,Incorrect,2
07_RT,B_R,E2_../audio/B/BendR_PR.wav,69.50,76.61,7.11,Correct,7
07_RT,B_R,E3_../audio/B/Cone_B.wav,83.43,84.93,1.50,Correct,7
07_RT,B_R,E4_../audio/B/Toad_P.wav,106.41,109.63,3.22,Correct,7
07_RT,B_R,E5_../audio/B/Constr_C.wav,117.96,125.56,7.60,Correct,7
07_RT,B_R,E6_../audio/B/Cone_A.wav,131.98,134.50,2.52,Correct,7
07_RT,B_R,E7_../audio/B/ICE_P.wav,140.06,153.20,13.14,Incorrect,2
07_RT,B_R,E8_../audio/B/Tar_PR.wav,168.61,175.17,6.56,Incorrect,4
07_RT,B_R,E9_../audio/B/Cone_C.wav,183.45,184.51,1.06,Correct,7
07_RT,B_R,E10_../audio/B/BendR_C.wav,209.94,211.59,1.65,Correct,7
07_RT,B_R,E11_../audio/B/Mark_P.wav,220.28,222.72,2.44,Correct,7
07_RT,B_R,E12_../audio/B/Cone_B.wav,230.93,232.95,2.02,Correct,7
07_RT,B_R,E13_../audio/B/Constr_P.wav,257.64,260.62,2.98,Correct,7
07_RT,B_R,E14_../audio/B/Toad_C.wav,288.84,293.13,4.29,Correct,7
07_RT,B_R,E15_../audio/B/Cone_A.wav,302.42,305.54,3.12,Correct,7
07_RT,B_R,E16_../audio/B/Tar_P.wav,326.54,330.82,4.28,Correct,5
07_RT,B_R,E17_../audio/B/ICE_PR.wav,342.52,346.87,4.35,Correct,7
07_RT,B_R,E18_../audio/B/Cone_C.wav,355.01,356.03,1.02,Correct,7
07_RT,B_R,E19_../audio/B/Mark_PR.wav,377.49,386.87,9.38,Correct,7
07_RT,B_R,E20_../audio/B/BendR_P.wav,411.17,414.39,3.22,Correct,7
07_RT,B_R,E21_../audio/B/Cone_C.wav,422.67,423.96,1.29,Correct,7
07_RT,B_R,E22_../audio/B/Toad_PR.wav,448.17,449.65,1.48,Correct,7
07_RT,B_R,E23_../audio/B/Constr_PR.wav,461.17,465.54,4.37,Correct,7
07_RT,B_R,E24_../audio/B/Cone_A.wav,476.15,477.81,1.66,Correct,7
07_RT,B_R,E25_../audio/B/ICE_C.wav,495.91,499.40,3.49,Correct,5
07_RT,B_R,E26_../audio/B/Tar_C.wav,526.67,544.48,17.81,Incorrect,7
07_RT,B_R,E27_../audio/B/Cone_B.wav,553.70,555.36,1.66,Correct,7
07_RT,B_L,E1_../audio/B/Duck_PR.wav,36.65,37.98,1.33,Correct,7
07_RT,B_L,E2_../audio/B/Flood_PR.wav,48.13,52.89,4.76,Correct,7
07_RT,B_L,E3_../audio/B/Cone_F.wav,60.48,61.62,1.14,Correct,5
07_RT,B_L,E4_../audio/B/School_PR.wav,90.05,93.26,3.21,Correct,7
07_RT,B_L,E5_../audio/B/Deer_P.wav,99.64,103.93,4.29,Incorrect,7
07_RT,B_L,E6_../audio/B/Cone_D.wav,112.65,116.41,3.76,Correct,7
07_RT,B_L,E7_../audio/B/Blind_P.wav,135.22,136.93,1.71,Correct,7
07_RT,B_L,E8_../audio/B/Frost_PR.wav,150.77,156.03,5.26,Incorrect,1
07_RT,B_L,E9_../audio/B/Cone_E.wav,166.38,174.48,8.10,Correct,7
07_RT,B_L,E10_../audio/B/Flood_P.wav,192.81,199.38,6.57,Correct,5
07_RT,B_L,E11_../audio/B/Duck_C.wav,205.48,211.70,6.22,Correct,5
07_RT,B_L,E12_../audio/B/Cone_D.wav,219.86,220.86,1.00,Correct,7
07_RT,B_L,E13_../audio/B/Deer_PR.wav,245.17,248.30,3.13,Incorrect,7
07_RT,B_L,E14_../audio/B/School_C.wav,255.13,259.96,4.83,Correct,7
07_RT,B_L,E15_../audio/B/Cone_F.wav,267.18,268.61,1.43,Correct,7
07_RT,B_L,E16_../audio/B/Frost_P.wav,291.50,293.29,1.79,Correct,7
07_RT,B_L,E17_../audio/B/Blind_C.wav,304.82,309.33,4.51,Correct,7
07_RT,B_L,E18_../audio/B/Cone_E.wav,316.73,318.54,1.81,Correct,7
07_RT,B_L,E19_../audio/B/Duck_P.wav,341.82,347.06,5.24,Correct,5
07_RT,B_L,E20_../audio/B/Flood_C.wav,354.88,357.28,2.40,Incorrect,7
07_RT,B_L,E21_../audio/B/Cone_E.wav,365.67,368.34,2.67,Correct,7
07_RT,B_L,E22_../audio/B/School_P.wav,393.35,395.89,2.54,Correct,6
07_RT,B_L,E23_../audio/B/Deer_C.wav,406.47,408.78,2.31,Incorrect,7
07_RT,B_L,E24_../audio/B/Cone_D.wav,416.14,417.33,1.19,Correct,7
07_RT,B_L,E25_../audio/B/Blind_PR.wav,444.36,450.52,6.16,Correct,7
07_RT,B_L,E26_../audio/B/Frost_C.wav,470.31,473.19,2.88,Correct,7
07_RT,B_L,E27_../audio/B/Cone_F.wav,484.97,486.03,1.06,Correct,7
07_RT,C_R,E1_../audio/C/Mark_PR.wav,40.44,67.51,27.07,Incorrect,1
07_RT,C_R,E2_../audio/C/BendR_PR.wav,91.26,97.66,6.40,Incorrect,3
07_RT,C_R,E3_../audio/C/Cone_B.wav,120.43,123.02,2.59,Correct,7
07_RT,C_R,E4_../audio/C/Toad_P.wav,140.49,141.79,1.30,Correct,7
07_RT,C_R,E5_../audio/C/Constr_C.wav,161.22,178.69,17.47,Correct,7
07_RT,C_R,E6_../audio/C/Cone_A.wav,196.77,197.95,1.18,Correct,5
07_RT,C_R,E7_../audio/C/ICE_C.wav,214.18,217.00,2.82,Correct,7
07_RT,C_R,E8_../audio/C/Tar_C.wav,236.91,242.07,5.16,Correct,6
07_RT,C_R,E9_../audio/C/Cone_C.wav,258.05,259.18,1.13,Correct,7
07_RT,C_R,E10_../audio/C/BendR_P.wav,277.23,280.40,3.17,Correct,7
07_RT,C_R,E11_../audio/C/Mark_P.wav,302.67,306.22,3.55,Correct,7
07_RT,C_R,E12_../audio/C/Cone_A.wav,321.72,327.72,6.00,Incorrect,2
07_RT,C_R,E13_../audio/C/Constr_P.wav,346.16,349.98,3.82,Correct,7
07_RT,C_R,E14_../audio/C/Toad_C.wav,367.17,370.60,3.43,Correct,7
07_RT,C_R,E15_../audio/C/Cone_B.wav,385.14,386.75,1.61,Correct,6
07_RT,C_R,E16_../audio/C/Tar_P.wav,402.45,414.04,11.59,Incorrect,6
07_RT,C_R,E17_../audio/C/ICE_PR.wav,436.68,439.42,2.74,Correct,7
07_RT,C_R,E18_../audio/C/Cone_C.wav,454.24,455.11,0.87,Correct,6
07_RT,C_R,E19_../audio/C/Mark_C.wav,475.27,485.81,10.54,Correct,7
07_RT,C_R,E20_../audio/C/BendR_C.wav,504.28,506.84,2.56,Correct,7
07_RT,C_R,E21_../audio/C/Cone_B.wav,523.24,525.82,2.58,Correct,7
07_RT,C_R,E22_../audio/C/Toad_PR.wav,542.08,543.85,1.77,Correct,7
07_RT,C_R,E23_../audio/C/Constr_PR.wav,563.63,571.29,7.66,Correct,7
07_RT,C_R,E24_../audio/C/Cone_C.wav,586.80,588.59,1.79,Correct,6
07_RT,C_R,E25_../audio/C/ICE_P.wav,604.51,607.55,3.04,Correct,7
07_RT,C_R,E26_../audio/C/Tar_PR.wav,628.94,634.82,5.88,Correct,7
07_RT,C_R,E27_../audio/C/Cone_A.wav,667.38,670.46,3.08,Correct,6
07_RT,C_L,E1_../audio/C/Duck_PR.wav,14.82,22.75,7.93,Correct,7
07_RT,C_L,E2_../audio/C/Flood_PR.wav,47.45,65.19,17.74,Incorrect,1
07_RT,C_L,E3_../audio/C/Cone_D.wav,89.46,109.08,19.62,Correct,5
07_RT,C_L,E4_../audio/C/School_PR.wav,128.82,133.97,5.15,Correct,7
07_RT,C_L,E5_../audio/C/Deer_P.wav,156.99,159.51,2.52,Correct,7
07_RT,C_L,E6_../audio/C/Cone_E.wav,171.82,172.32,0.50,Correct,7
07_RT,C_L,E7_../audio/C/Blind_PR.wav,192.49,197.08,4.59,Correct,7
07_RT,C_L,E8_../audio/C/Frost_P.wav,216.33,218.56,2.23,Correct,5
07_RT,C_L,E9_../audio/C/Cone_F.wav,234.19,235.62,1.43,Correct,7
07_RT,C_L,E10_../audio/C/Flood_C.wav,253.81,257.01,3.20,Correct,6
07_RT,C_L,E11_../audio/C/Duck_P.wav,277.87,279.46,1.59,Correct,7
07_RT,C_L,E12_../audio/C/Cone_F.wav,293.98,295.51,1.53,Correct,6
07_RT,C_L,E13_../audio/C/Deer_C.wav,315.32,324.32,9.00,Correct,7
07_RT,C_L,E14_../audio/C/School_P.wav,343.88,346.98,3.10,Correct,7
07_RT,C_L,E15_../audio/C/Cone_E.wav,363.37,364.78,1.41,Correct,5
07_RT,C_L,E16_../audio/C/Frost_PR.wav,383.58,388.13,4.55,Correct,4
07_RT,C_L,E17_../audio/C/Blind_P.wav,411.62,425.08,13.46,Correct,7
07_RT,C_L,E18_../audio/C/Cone_D.wav,440.78,441.84,1.06,Correct,7
07_RT,C_L,E19_../audio/C/Duck_C.wav,457.24,464.01,6.77,Correct,6
07_RT,C_L,E20_../audio/C/Flood_P.wav,486.91,491.54,4.63,Correct,7
07_RT,C_L,E21_../audio/C/Cone_E.wav,510.00,511.35,1.35,Correct,6
07_RT,C_L,E22_../audio/C/School_C.wav,531.54,537.08,5.54,Correct,7
07_RT,C_L,E23_../audio/C/Deer_PR.wav,562.48,564.04,1.56,Correct,7
07_RT,C_L,E24_../audio/C/Cone_D.wav,581.33,582.78,1.45,Correct,7
07_RT,C_L,E25_../audio/C/Blind_C.wav,600.73,613.84,13.11,Correct,7
07_RT,C_L,E26_../audio/C/Frost_C.wav,639.13,649.58,10.45,Correct,6
07_RT,C_L,E27_../audio/C/Cone_F.wav,665.44,667.40,1.96,Correct,7
08_OL,C_R,E1_../audio/C/Mark_C.wav,96.84,102.53,5.69,Correct,7
08_OL,C_R,E2_../audio/C/BendR_PR.wav,128.00,137.26,9.26,Correct,7
08_OL,C_R,E3_../audio/C/Cone_B.wav,154.94,160.39,5.45,Incorrect,5
08_OL,C_R,E4_../audio/C/Toad_C.wav,180.30,184.24,3.94,Correct,7
08_OL,C_R,E5_../audio/C/Constr_PR.wav,212.56,217.10,4.54,Correct,7
08_OL,C_R,E6_../audio/C/Cone_A.wav,237.22,238.82,1.60,Correct,7
08_OL,C_R,E7_../audio/C/ICE_PR.wav,258.28,262.45,4.17,Correct,7
08_OL,C_R,E8_../audio/C/Tar_P.wav,285.05,293.38,8.33,Incorrect,1
08_OL,C_R,E9_../audio/C/Cone_C.wav,317.56,322.44,4.88,Incorrect,3
08_OL,C_R,E10_../audio/C/BendR_P.wav,337.18,341.03,3.85,Incorrect,6
08_OL,C_R,E11_../audio/C/Mark_P.wav,363.61,383.07,19.46,Incorrect,1
08_OL,C_R,E12_../audio/C/Cone_C.wav,400.64,404.45,3.81,Incorrect,5
08_OL,C_R,E13_../audio/C/Constr_C.wav,421.99,425.15,3.16,Correct,7
08_OL,C_R,E14_../audio/C/Toad_PR.wav,450.82,457.04,6.22,Correct,3
08_OL,C_R,E15_../audio/C/Cone_A.wav,483.46,488.24,4.78,Correct,4
08_OL,C_R,E16_../audio/C/Tar_C.wav,518.22,529.13,10.91,Incorrect,1
08_OL,C_R,E17_../audio/C/ICE_C.wav,550.26,552.23,1.97,Correct,6
08_OL,C_R,E18_../audio/C/Cone_B.wav,570.45,572.41,1.96,Correct,6
08_OL,C_R,E19_../audio/C/Mark_PR.wav,592.13,604.61,12.48,Correct,5
08_OL,C_R,E20_../audio/C/BendR_C.wav,659.52,663.79,4.27,Correct,6
08_OL,C_R,E21_../audio/C/Cone_C.wav,688.27,692.02,3.75,Incorrect,4
08_OL,C_R,E22_../audio/C/Toad_P.wav,707.91,711.22,3.31,Incorrect,5
08_OL,C_R,E23_../audio/C/Constr_P.wav,736.74,739.48,2.74,Correct,7
08_OL,C_R,E24_../audio/C/Cone_B.wav,762.84,768.13,5.29,Incorrect,3
08_OL,C_R,E25_../audio/C/ICE_P.wav,784.15,792.16,8.01,Incorrect,4
08_OL,C_R,E26_../audio/C/Tar_PR.wav,815.57,823.80,8.23,Incorrect,6
08_OL,C_R,E27_../audio/C/Cone_A.wav,846.02,848.25,2.23,Incorrect,3
08_OL,C_L,E1_../audio/C/Duck_C.wav,20.99,33.05,12.06,Correct,7
08_OL,C_L,E2_../audio/C/Flood_C.wav,51.85,63.16,11.31,Correct,7
08_OL,C_L,E3_../audio/C/Cone_E.wav,81.29,86.89,5.60,Correct,3
08_OL,C_L,E4_../audio/C/School_P.wav,104.19,106.37,2.18,Correct,7
08_OL,C_L,E5_../audio/C/Deer_PR.wav,138.61,144.04,5.43,Incorrect,4
08_OL,C_L,E6_../audio/C/Cone_F.wav,165.71,178.17,12.46,Incorrect,1
08_OL,C_L,E7_../audio/C/Blind_C.wav,194.00,200.42,6.42,Incorrect,1
08_OL,C_L,E8_../audio/C/Frost_PR.wav,235.56,243.98,8.42,Correct,7
08_OL,C_L,E9_../audio/C/Cone_D.wav,261.31,265.20,3.89,Incorrect,3
08_OL,C_L,E10_../audio/C/Flood_PR.wav,281.80,285.74,3.94,Incorrect,2
08_OL,C_L,E11_../audio/C/Duck_PR.wav,307.56,309.17,1.61,Correct,7
08_OL,C_L,E12_../audio/C/Cone_F.wav,330.93,334.96,4.03,Incorrect,2
08_OL,C_L,E13_../audio/C/Deer_P.wav,352.60,354.24,1.64,Correct,7
08_OL,C_L,E14_../audio/C/School_C.wav,373.48,377.74,4.26,Correct,7
08_OL,C_L,E15_../audio/C/Cone_D.wav,400.75,419.95,19.20,Correct,2
08_OL,C_L,E16_../audio/C/Frost_P.wav,434.13,440.39,6.26,Correct,2
08_OL,C_L,E17_../audio/C/Blind_P.wav,457.53,474.23,16.70,Correct,6
08_OL,C_L,E18_../audio/C/Cone_E.wav,493.18,496.74,3.56,Incorrect,6
08_OL,C_L,E19_../audio/C/Duck_P.wav,513.12,517.79,4.67,Incorrect,5
08_OL,C_L,E20_../audio/C/Flood_P.wav,538.98,552.60,13.62,Correct,5
08_OL,C_L,E21_../audio/C/Cone_D.wav,578.75,582.62,3.87,Correct,4
08_OL,C_L,E22_../audio/C/School_PR.wav,602.57,612.55,9.98,Correct,5
08_OL,C_L,E23_../audio/C/Deer_C.wav,636.04,643.94,7.90,Correct,7
08_OL,C_L,E24_../audio/C/Cone_F.wav,664.61,669.71,5.10,Incorrect,3
08_OL,C_L,E25_../audio/C/Blind_PR.wav,683.94,702.08,18.14,Incorrect,5
08_OL,C_L,E26_../audio/C/Frost_C.wav,728.21,736.44,8.23,Correct,6
08_OL,C_L,E27_../audio/C/Cone_E.wav,755.92,759.55,3.63,Correct,5
08_OL,B_R,E1_../audio/B/Mark_P.wav,58.62,62.43,3.81,Correct,7
08_OL,B_R,E2_../audio/B/BendR_C.wav,72.00,73.39,1.39,Correct,7
08_OL,B_R,E3_../audio/B/Cone_A.wav,83.57,86.38,2.81,Correct,7
08_OL,B_R,E4_../audio/B/Toad_C.wav,114.07,120.54,6.47,Correct,7
08_OL,B_R,E5_../audio/B/Constr_PR.wav,128.56,133.31,4.75,Correct,7
08_OL,B_R,E6_../audio/B/Cone_B.wav,139.32,141.08,1.76,Correct,7
08_OL,B_R,E7_../audio/B/ICE_C.wav,162.48,165.19,2.71,Correct,7
08_OL,B_R,E8_../audio/B/Tar_C.wav,173.65,183.50,9.85,Incorrect,1
08_OL,B_R,E9_../audio/B/Cone_C.wav,189.12,192.22,3.10,Correct,7
08_OL,B_R,E10_../audio/B/BendR_PR.wav,220.95,226.78,5.83,Correct,7
08_OL,B_R,E11_../audio/B/Mark_C.wav,233.78,238.24,4.46,Correct,7
08_OL,B_R,E12_../audio/B/Cone_A.wav,243.95,245.52,1.57,Correct,7
08_OL,B_R,E13_../audio/B/Constr_P.wav,267.52,273.12,5.60,Correct,7
08_OL,B_R,E14_../audio/B/Toad_P.wav,299.11,302.84,3.73,Correct,7
08_OL,B_R,E15_../audio/B/Cone_B.wav,309.48,311.01,1.53,Correct,7
08_OL,B_R,E16_../audio/B/Tar_P.wav,336.97,338.92,1.95,Correct,7
08_OL,B_R,E17_../audio/B/ICE_PR.wav,348.36,353.15,4.79,Correct,7
08_OL,B_R,E18_../audio/B/Cone_C.wav,359.79,360.79,1.00,Correct,7
08_OL,B_R,E19_../audio/B/Mark_PR.wav,381.77,390.62,8.85,Correct,7
08_OL,B_R,E20_../audio/B/BendR_P.wav,411.31,416.41,5.10,Correct,7
08_OL,B_R,E21_../audio/B/Cone_A.wav,421.86,425.64,3.78,Correct,7
08_OL,B_R,E22_../audio/B/Toad_PR.wav,440.29,444.35,4.06,Correct,7
08_OL,B_R,E23_../audio/B/Constr_C.wav,471.28,476.58,5.30,Correct,7
08_OL,B_R,E24_../audio/B/Cone_C.wav,481.96,483.16,1.20,Correct,7
08_OL,B_R,E25_../audio/B/ICE_P.wav,502.44,504.07,1.63,Correct,7
08_OL,B_R,E26_../audio/B/Tar_PR.wav,511.51,515.31,3.80,Correct,7
08_OL,B_R,E27_../audio/B/Cone_B.wav,524.16,526.97,2.81,Correct,7
08_OL,B_L,E1_../audio/B/Duck_C.wav,28.02,30.22,2.20,Correct,7
08_OL,B_L,E2_../audio/B/Flood_C.wav,39.14,41.68,2.54,Correct,7
08_OL,B_L,E3_../audio/B/Cone_E.wav,48.12,50.39,2.27,Correct,7
08_OL,B_L,E4_../audio/B/School_PR.wav,75.83,82.55,6.72,Correct,7
08_OL,B_L,E5_../audio/B/Deer_PR.wav,111.10,116.58,5.48,Incorrect,7
08_OL,B_L,E6_../audio/B/Cone_D.wav,122.64,125.37,2.73,Correct,7
08_OL,B_L,E7_../audio/B/Blind_PR.wav,157.10,162.30,5.20,Correct,7
08_OL,B_L,E8_../audio/B/Frost_PR.wav,194.06,196.92,2.86,Correct,7
08_OL,B_L,E9_../audio/B/Cone_F.wav,204.82,206.54,1.72,Correct,7
08_OL,B_L,E10_../audio/B/Flood_PR.wav,234.37,240.57,6.20,Correct,7
08_OL,B_L,E11_../audio/B/Duck_P.wav,246.67,247.95,1.28,Correct,7
08_OL,B_L,E12_../audio/B/Cone_E.wav,254.45,256.50,2.05,Incorrect,7
08_OL,B_L,E13_../audio/B/Deer_C.wav,261.25,265.90,4.65,Correct,7
08_OL,B_L,E14_../audio/B/School_P.wav,272.65,276.87,4.22,Correct,7
08_OL,B_L,E15_../audio/B/Cone_F.wav,282.81,284.23,1.42,Correct,7
08_OL,B_L,E16_../audio/B/Frost_C.wav,288.89,292.25,3.36,Correct,7
08_OL,B_L,E17_../audio/B/Blind_C.wav,300.05,303.50,3.45,Correct,7
08_OL,B_L,E18_../audio/B/Cone_D.wav,309.31,310.17,0.86,Correct,7
08_OL,B_L,E19_../audio/B/Duck_PR.wav,318.82,320.66,1.84,Correct,7
08_OL,B_L,E20_../audio/B/Flood_P.wav,330.98,340.34,9.36,Correct,4
08_OL,B_L,E21_../audio/B/Cone_E.wav,351.52,354.59,3.07,Correct,7
08_OL,B_L,E22_../audio/B/School_C.wav,368.09,371.92,3.83,Correct,7
08_OL,B_L,E23_../audio/B/Deer_P.wav,378.34,380.02,1.68,Correct,7
08_OL,B_L,E24_../audio/B/Cone_F.wav,385.85,386.67,0.82,Correct,7
08_OL,B_L,E25_../audio/B/Blind_P.wav,393.86,398.85,4.99,Correct,7
08_OL,B_L,E26_../audio/B/Frost_P.wav,421.12,422.63,1.51,Correct,7
08_OL,B_L,E27_../audio/B/Cone_D.wav,429.59,431.31,1.72,Correct,7
09_RT,B_R,E1_../audio/B/Mark_PR.wav,49.86,57.85,7.99,Correct,7
09_RT,B_R,E2_../audio/B/BendR_C.wav,69.51,71.31,1.80,Correct,7
09_RT,B_R,E3_../audio/B/Cone_C.wav,78.57,80.36,1.79,Correct,7
09_RT,B_R,E4_../audio/B/Toad_C.wav,90.73,94.34,3.61,Correct,7
09_RT,B_R,E5_../audio/B/Constr_P.wav,108.31,112.03,3.72,Correct,7
09_RT,B_R,E6_../audio/B/Cone_A.wav,117.81,120.66,2.85,Correct,7
09_RT,B_R,E7_../audio/B/ICE_PR.wav,131.34,133.80,2.46,Correct,7
09_RT,B_R,E8_../audio/B/Tar_P.wav,142.39,146.68,4.29,Correct,7
09_RT,B_R,E9_../audio/B/Cone_B.wav,152.49,156.62,4.13,Correct,7
09_RT,B_R,E10_../audio/B/BendR_P.wav,165.03,167.58,2.55,Correct,7
09_RT,B_R,E11_../audio/B/Mark_C.wav,178.86,184.38,5.52,Correct,7
09_RT,B_R,E12_../audio/B/Cone_B.wav,189.60,193.87,4.27,Correct,7
09_RT,B_R,E13_../audio/B/Constr_C.wav,201.32,203.47,2.15,Correct,7
09_RT,B_R,E14_../audio/B/Toad_PR.wav,218.60,221.13,2.53,Correct,7
09_RT,B_R,E15_../audio/B/Cone_C.wav,227.80,229.52,1.72,Correct,7
09_RT,B_R,E16_../audio/B/Tar_PR.wav,239.71,246.43,6.72,Incorrect,6
09_RT,B_R,E17_../audio/B/ICE_P.wav,260.04,261.44,1.40,Correct,7
09_RT,B_R,E18_../audio/B/Cone_A.wav,269.12,270.25,1.13,Correct,7
09_RT,B_R,E19_../audio/B/Mark_P.wav,282.73,286.04,3.31,Correct,7
09_RT,B_R,E20_../audio/B/BendR_PR.wav,303.40,306.35,2.95,Correct,7
09_RT,B_R,E21_../audio/B/Cone_B.wav,316.12,317.16,1.04,Correct,7
09_RT,B_R,E22_../audio/B/Toad_P.wav,324.03,325.68,1.65,Correct,7
09_RT,B_R,E23_../audio/B/Constr_PR.wav,346.20,349.63,3.43,Correct,7
09_RT,B_R,E24_../audio/B/Cone_C.wav,356.54,357.94,1.40,Correct,7
09_RT,B_R,E25_../audio/B/ICE_C.wav,368.06,371.18,3.12,Correct,7
09_RT,B_R,E26_../audio/B/Tar_C.wav,384.29,391.24,6.95,Correct,7
09_RT,B_R,E27_../audio/B/Cone_A.wav,398.45,400.49,2.04,Correct,7
09_RT,B_L,E1_../audio/B/Duck_PR.wav,49.16,51.40,2.24,Correct,7
09_RT,B_L,E2_../audio/B/Flood_C.wav,65.40,70.23,4.83,Correct,7
09_RT,B_L,E3_../audio/B/Cone_F.wav,76.79,79.05,2.26,Correct,7
09_RT,B_L,E4_../audio/B/School_P.wav,88.06,92.02,3.96,Correct,7
09_RT,B_L,E5_../audio/B/Deer_C.wav,108.44,112.68,4.24,Correct,7
09_RT,B_L,E6_../audio/B/Cone_E.wav,121.04,123.12,2.08,Correct,7
09_RT,B_L,E7_../audio/B/Blind_PR.wav,137.78,143.60,5.82,Correct,7
09_RT,B_L,E8_../audio/B/Frost_P.wav,152.47,154.24,1.77,Correct,7
09_RT,B_L,E9_../audio/B/Cone_D.wav,160.44,162.76,2.32,Correct,7
09_RT,B_L,E10_../audio/B/Flood_PR.wav,178.22,184.54,6.32,Correct,7
09_RT,B_L,E11_../audio/B/Duck_P.wav,196.57,198.11,1.54,Correct,7
09_RT,B_L,E12_../audio/B/Cone_E.wav,209.26,210.58,1.32,Correct,7
09_RT,B_L,E13_../audio/B/Deer_PR.wav,220.74,222.16,1.42,Correct,7
09_RT,B_L,E14_../audio/B/School_PR.wav,240.64,245.69,5.05,Correct,7
09_RT,B_L,E15_../audio/B/Cone_F.wav,253.09,255.41,2.32,Correct,7
09_RT,B_L,E16_../audio/B/Frost_C.wav,265.32,271.24,5.92,Correct,6
09_RT,B_L,E17_../audio/B/Blind_P.wav,284.91,286.29,1.38,Correct,7
09_RT,B_L,E18_../audio/B/Cone_D.wav,293.04,295.14,2.10,Correct,7
09_RT,B_L,E19_../audio/B/Duck_C.wav,308.20,311.59,3.39,Correct,7
09_RT,B_L,E20_../audio/B/Flood_P.wav,325.96,329.83,3.87,Correct,7
09_RT,B_L,E21_../audio/B/Cone_F.wav,336.95,340.74,3.79,Correct,7
09_RT,B_L,E22_../audio/B/School_C.wav,349.91,356.47,6.56,Correct,7
09_RT,B_L,E23_../audio/B/Deer_P.wav,363.62,365.05,1.43,Correct,7
09_RT,B_L,E24_../audio/B/Cone_D.wav,375.25,376.29,1.04,Correct,7
09_RT,B_L,E25_../audio/B/Blind_C.wav,393.16,399.44,6.28,Correct,7
09_RT,B_L,E26_../audio/B/Frost_PR.wav,411.60,420.22,8.62,Correct,6
09_RT,B_L,E27_../audio/B/Cone_E.wav,434.68,435.98,1.30,Correct,7
09_RT,C_R,E1_../audio/C/Mark_PR.wav,66.76,77.62,10.86,Correct,7
09_RT,C_R,E2_../audio/C/BendR_PR.wav,114.65,119.72,5.07,Incorrect,4
09_RT,C_R,E3_../audio/C/Cone_C.wav,147.80,149.46,1.66,Correct,7
09_RT,C_R,E4_../audio/C/Toad_PR.wav,175.22,179.15,3.93,Correct,6
09_RT,C_R,E5_../audio/C/Constr_P.wav,206.98,212.51,5.53,Correct,7
09_RT,C_R,E6_../audio/C/Cone_A.wav,238.01,239.72,1.71,Correct,7
09_RT,C_R,E7_../audio/C/ICE_P.wav,262.15,263.69,1.54,Correct,7
09_RT,C_R,E8_../audio/C/Tar_C.wav,292.30,298.05,5.75,Correct,7
09_RT,C_R,E9_../audio/C/Cone_B.wav,323.64,328.11,4.47,Correct,7
09_RT,C_R,E10_../audio/C/BendR_C.wav,352.96,355.68,2.72,Correct,7
09_RT,C_R,E11_../audio/C/Mark_C.wav,385.23,391.65,6.42,Correct,7
09_RT,C_R,E12_../audio/C/Cone_A.wav,415.79,417.54,1.75,Correct,7
09_RT,C_R,E13_../audio/C/Constr_C.wav,439.95,445.11,5.16,Correct,7
09_RT,C_R,E14_../audio/C/Toad_C.wav,474.34,477.24,2.90,Correct,7
09_RT,C_R,E15_../audio/C/Cone_B.wav,502.74,504.26,1.52,Correct,7
09_RT,C_R,E16_../audio/C/Tar_PR.wav,530.48,541.73,11.25,Correct,7
09_RT,C_R,E17_../audio/C/ICE_PR.wav,574.20,578.29,4.09,Correct,7
09_RT,C_R,E18_../audio/C/Cone_C.wav,609.52,611.15,1.63,Correct,6
09_RT,C_R,E19_../audio/C/Mark_P.wav,630.48,635.23,4.75,Correct,7
09_RT,C_R,E20_../audio/C/BendR_P.wav,664.64,668.42,3.78,Correct,7
09_RT,C_R,E21_../audio/C/Cone_C.wav,683.39,687.23,3.84,Correct,5
09_RT,C_R,E22_../audio/C/Toad_P.wav,722.31,723.56,1.25,Correct,7
09_RT,C_R,E23_../audio/C/Constr_PR.wav,755.00,759.80,4.80,Correct,7
09_RT,C_R,E24_../audio/C/Cone_B.wav,778.43,780.82,2.39,Correct,7
09_RT,C_R,E25_../audio/C/ICE_C.wav,806.94,809.55,2.61,Correct,7
09_RT,C_R,E26_../audio/C/Tar_P.wav,835.50,841.41,5.91,Incorrect,6
09_RT,C_R,E27_../audio/C/Cone_A.wav,858.28,860.67,2.39,Correct,7
09_RT,C_L,E1_../audio/C/Duck_P.wav,51.64,53.08,1.44,Correct,7
09_RT,C_L,E2_../audio/C/Flood_P.wav,81.78,84.24,2.46,Correct,7
09_RT,C_L,E3_../audio/C/Cone_E.wav,111.15,112.71,1.56,Correct,7
09_RT,C_L,E4_../audio/C/School_C.wav,132.98,149.34,16.36,Incorrect,1
09_RT,C_L,E5_../audio/C/Deer_PR.wav,177.26,179.43,2.17,Correct,7
09_RT,C_L,E6_../audio/C/Cone_F.wav,196.68,198.20,1.52,Correct,7
09_RT,C_L,E7_../audio/C/Blind_PR.wav,223.87,229.86,5.99,Correct,7
09_RT,C_L,E8_../audio/C/Frost_P.wav,255.97,257.93,1.96,Correct,7
09_RT,C_L,E9_../audio/C/Cone_D.wav,277.75,279.33,1.58,Correct,6
09_RT,C_L,E10_../audio/C/Flood_PR.wav,298.62,305.90,7.28,Correct,7
09_RT,C_L,E11_../audio/C/Duck_PR.wav,336.52,339.38,2.86,Correct,7
09_RT,C_L,E12_../audio/C/Cone_F.wav,359.01,360.99,1.98,Correct,6
09_RT,C_L,E13_../audio/C/Deer_C.wav,384.64,388.01,3.37,Correct,7
09_RT,C_L,E14_../audio/C/School_P.wav,414.66,416.77,2.11,Correct,7
09_RT,C_L,E15_../audio/C/Cone_D.wav,434.47,435.89,1.42,Correct,7
09_RT,C_L,E16_../audio/C/Frost_C.wav,459.42,466.90,7.48,Correct,7
09_RT,C_L,E17_../audio/C/Blind_C.wav,493.14,497.31,4.17,Correct,7
09_RT,C_L,E18_../audio/C/Cone_E.wav,513.64,515.37,1.73,Correct,7
09_RT,C_L,E19_../audio/C/Duck_C.wav,546.56,549.84,3.28,Correct,6
09_RT,C_L,E20_../audio/C/Flood_C.wav,578.96,582.99,4.03,Correct,7
09_RT,C_L,E21_../audio/C/Cone_D.wav,605.44,607.69,2.25,Correct,7
09_RT,C_L,E22_../audio/C/School_PR.wav,634.84,641.19,6.35,Correct,7
09_RT,C_L,E23_../audio/C/Deer_P.wav,663.41,664.65,1.24,Correct,7
09_RT,C_L,E24_../audio/C/Cone_E.wav,681.35,682.79,1.44,Correct,7
09_RT,C_L,E25_../audio/C/Blind_P.wav,708.30,710.35,2.05,Correct,7
09_RT,C_L,E26_../audio/C/Frost_PR.wav,740.61,752.42,11.81,Correct,6
09_RT,C_L,E27_../audio/C/Cone_D.wav,769.44,777.68,8.24,Correct,6
10_OL,C_R,E1_../audio/C/Mark_P.wav,9.18,82.34,73.16,Incorrect,1
10_OL,C_R,E2_../audio/C/BendR_P.wav,113.68,118.45,4.77,Correct,7
10_OL,C_R,E3_../audio/C/Cone_B.wav,143.62,156.30,12.68,Incorrect,2
10_OL,C_R,E4_../audio/C/Toad_C.wav,181.82,191.10,9.28,Correct,1
10_OL,C_R,E5_../audio/C/Constr_P.wav,223.29,227.18,3.89,Incorrect,1
10_OL,C_R,E6_../audio/C/Cone_A.wav,249.93,253.54,3.61,Correct,2
10_OL,C_R,E7_../audio/C/ICE_PR.wav,281.76,290.32,8.56,Incorrect,1
10_OL,C_R,E8_../audio/C/Tar_P.wav,319.89,321.91,2.02,Correct,5
10_OL,C_R,E9_../audio/C/Cone_C.wav,343.36,347.59,4.23,Incorrect,2
10_OL,C_R,E10_../audio/C/BendR_C.wav,367.64,370.11,2.47,Correct,6
10_OL,C_R,E11_../audio/C/Mark_PR.wav,409.65,421.17,11.52,Correct,2
10_OL,C_R,E12_../audio/C/Cone_C.wav,438.67,445.75,7.08,Incorrect,2
10_OL,C_R,E13_../audio/C/Constr_PR.wav,466.88,476.59,9.71,Incorrect,2
10_OL,C_R,E14_../audio/C/Toad_PR.wav,497.72,498.46,0.74,Correct,6
10_OL,C_R,E15_../audio/C/Cone_A.wav,517.60,524.18,6.58,Correct,1
10_OL,C_R,E16_../audio/C/Tar_C.wav,547.40,559.33,11.93,Incorrect,2
10_OL,C_R,E17_../audio/C/ICE_P.wav,583.89,585.83,1.94,Correct,7
10_OL,C_R,E18_../audio/C/Cone_B.wav,610.04,614.49,4.45,Correct,3
10_OL,C_R,E19_../audio/C/Mark_C.wav,679.57,683.78,4.21,Incorrect,1
10_OL,C_R,E20_../audio/C/BendR_PR.wav,710.24,713.50,3.26,Incorrect,3
10_OL,C_R,E21_../audio/C/Cone_C.wav,736.70,742.42,5.72,Correct,2
10_OL,C_R,E22_../audio/C/Toad_P.wav,757.17,758.91,1.74,Incorrect,7
10_OL,C_R,E23_../audio/C/Constr_C.wav,779.08,781.42,2.34,Correct,6
10_OL,C_R,E24_../audio/C/Cone_B.wav,798.11,800.54,2.43,Correct,1
10_OL,C_R,E25_../audio/C/ICE_C.wav,826.58,828.69,2.11,Correct,6
10_OL,C_R,E26_../audio/C/Tar_PR.wav,851.86,853.00,1.14,Correct,6
10_OL,C_R,E27_../audio/C/Cone_A.wav,869.14,871.25,2.11,Correct,6
10_OL,C_L,E1_../audio/C/Duck_P.wav,58.50,61.47,2.97,Correct,6
10_OL,C_L,E2_../audio/C/Flood_C.wav,99.34,103.21,3.87,Correct,6
10_OL,C_L,E3_../audio/C/Cone_F.wav,123.81,132.02,8.21,Incorrect,1
10_OL,C_L,E4_../audio/C/School_P.wav,156.45,161.31,4.86,Correct,3
10_OL,C_L,E5_../audio/C/Deer_C.wav,185.39,190.04,4.65,Correct,6
10_OL,C_L,E6_../audio/C/Cone_D.wav,213.58,214.83,1.25,Correct,6
10_OL,C_L,E7_../audio/C/Blind_PR.wav,230.80,241.24,10.44,Correct,7
10_OL,C_L,E8_../audio/C/Frost_PR.wav,264.91,267.02,2.11,Correct,7
10_OL,C_L,E9_../audio/C/Cone_E.wav,286.68,288.00,1.32,Correct,6
10_OL,C_L,E10_../audio/C/Flood_P.wav,310.39,317.96,7.57,Incorrect,3
10_OL,C_L,E11_../audio/C/Duck_C.wav,345.09,348.53,3.44,Incorrect,4
10_OL,C_L,E12_../audio/C/Cone_D.wav,386.55,390.12,3.57,Correct,1
10_OL,C_L,E13_../audio/C/Deer_P.wav,411.13,413.66,2.53,Correct,6
10_OL,C_L,E14_../audio/C/School_PR.wav,445.71,448.30,2.59,Correct,4
10_OL,C_L,E15_../audio/C/Cone_F.wav,475.89,478.01,2.12,Correct,2
10_OL,C_L,E16_../audio/C/Frost_P.wav,495.39,497.23,1.84,Correct,7
10_OL,C_L,E17_../audio/C/Blind_P.wav,525.52,529.62,4.10,Correct,6
10_OL,C_L,E18_../audio/C/Cone_E.wav,556.26,562.47,6.21,Incorrect,3
10_OL,C_L,E19_../audio/C/Duck_PR.wav,582.31,584.61,2.30,Correct,6
10_OL,C_L,E20_../audio/C/Flood_PR.wav,619.62,625.29,5.67,Correct,2
10_OL,C_L,E21_../audio/C/Cone_F.wav,651.69,656.92,5.23,Incorrect,2
10_OL,C_L,E22_../audio/C/School_C.wav,677.73,682.28,4.55,Correct,6
10_OL,C_L,E23_../audio/C/Deer_PR.wav,707.46,709.36,1.90,Correct,7
10_OL,C_L,E24_../audio/C/Cone_E.wav,720.93,736.14,15.21,Correct,4
10_OL,C_L,E25_../audio/C/Blind_C.wav,768.01,773.26,5.25,Correct,4
10_OL,C_L,E26_../audio/C/Frost_C.wav,796.14,800.77,4.63,Correct,4
10_OL,C_L,E27_../audio/C/Cone_D.wav,818.62,823.72,5.10,Correct,1
10_OL,B_R,E1_../audio/B/Mark_C.wav,48.73,54.70,5.97,Correct,7
10_OL,B_R,E2_../audio/B/BendR_P.wav,63.47,66.35,2.88,Correct,4
10_OL,B_R,E3_../audio/B/Cone_C.wav,77.26,77.80,0.54,Correct,7
10_OL,B_R,E4_../audio/B/Toad_C.wav,102.63,104.53,1.90,Correct,7
10_OL,B_R,E5_../audio/B/Constr_C.wav,114.46,115.85,1.39,Correct,7
10_OL,B_R,E6_../audio/B/Cone_A.wav,123.79,124.85,1.06,Correct,7
10_OL,B_R,E7_../audio/B/ICE_PR.wav,134.80,137.65,2.85,Correct,6
10_OL,B_R,E8_../audio/B/Tar_PR.wav,144.12,147.18,3.06,Incorrect,6
10_OL,B_R,E9_../audio/B/Cone_B.wav,154.60,155.51,0.91,Correct,7
10_OL,B_R,E10_../audio/B/BendR_C.wav,179.74,181.43,1.69,Correct,6
10_OL,B_R,E11_../audio/B/Mark_P.wav,192.85,197.85,5.00,Correct,3
10_OL,B_R,E12_../audio/B/Cone_C.wav,208.30,210.22,1.92,Correct,6
10_OL,B_R,E13_../audio/B/Constr_PR.wav,232.80,235.99,3.19,Correct,3
10_OL,B_R,E14_../audio/B/Toad_P.wav,245.41,247.06,1.65,Correct,6
10_OL,B_R,E15_../audio/B/Cone_A.wav,254.98,255.88,0.90,Correct,6
10_OL,B_R,E16_../audio/B/Tar_C.wav,262.36,265.35,2.99,Correct,6
10_OL,B_R,E17_../audio/B/ICE_P.wav,277.42,282.91,5.49,Incorrect,2
10_OL,B_R,E18_../audio/B/Cone_B.wav,290.41,290.79,0.38,Correct,6
10_OL,B_R,E19_../audio/B/Mark_PR.wav,316.86,320.15,3.29,Correct,7
10_OL,B_R,E20_../audio/B/BendR_PR.wav,329.48,334.91,5.43,Correct,7
10_OL,B_R,E21_../audio/B/Cone_C.wav,341.95,342.56,0.61,Correct,7
10_OL,B_R,E22_../audio/B/Toad_PR.wav,367.37,369.13,1.76,Correct,7
10_OL,B_R,E23_../audio/B/Constr_P.wav,379.50,381.42,1.92,Correct,7
10_OL,B_R,E24_../audio/B/Cone_A.wav,389.93,390.79,0.86,Correct,7
10_OL,B_R,E25_../audio/B/ICE_C.wav,397.64,400.26,2.62,Correct,6
10_OL,B_R,E26_../audio/B/Tar_P.wav,409.78,411.96,2.18,Correct,7
10_OL,B_R,E27_../audio/B/Cone_B.wav,420.19,423.05,2.86,Correct,7
11_RT,B_R,E1_../audio/B/Mark_PR.wav,32.84,39.29,6.45,Correct,6
11_RT,B_R,E2_../audio/B/BendR_PR.wav,69.43,71.83,2.40,Correct,7
11_RT,B_R,E3_../audio/B/Cone_A.wav,77.96,79.41,1.45,Correct,7
11_RT,B_R,E4_../audio/B/Toad_PR.wav,105.60,110.59,4.99,Correct,7
11_RT,B_R,E5_../audio/B/Constr_P.wav,116.74,118.56,1.82,Correct,6
11_RT,B_R,E6_../audio/B/Cone_C.wav,127.42,128.74,1.32,Correct,7
11_RT,B_R,E7_../audio/B/ICE_P.wav,150.68,151.73,1.05,Correct,7
11_RT,B_R,E8_../audio/B/Tar_C.wav,160.14,167.67,7.53,Incorrect,7
11_RT,B_R,E9_../audio/B/Cone_B.wav,173.34,174.74,1.40,Correct,7
11_RT,B_R,E10_../audio/B/BendR_C.wav,195.85,197.41,1.56,Correct,7
11_RT,B_R,E11_../audio/B/Mark_P.wav,205.93,209.87,3.94,Incorrect,1
11_RT,B_R,E12_../audio/B/Cone_C.wav,215.30,216.22,0.92,Correct,7
11_RT,B_R,E13_../audio/B/Constr_PR.wav,223.22,227.16,3.94,Correct,7
11_RT,B_R,E14_../audio/B/Toad_C.wav,234.71,237.13,2.42,Correct,7
11_RT,B_R,E15_../audio/B/Cone_A.wav,244.80,247.09,2.29,Correct,7
11_RT,B_R,E16_../audio/B/Tar_PR.wav,266.10,269.60,3.50,Incorrect,5
11_RT,B_R,E17_../audio/B/ICE_C.wav,274.92,276.57,1.65,Correct,7
11_RT,B_R,E18_../audio/B/Cone_B.wav,283.15,284.61,1.46,Correct,7
11_RT,B_R,E19_../audio/B/Mark_C.wav,305.96,316.47,10.51,Correct,4
11_RT,B_R,E20_../audio/B/BendR_P.wav,334.72,337.08,2.36,Correct,7
11_RT,B_R,E21_../audio/B/Cone_B.wav,342.45,343.28,0.83,Correct,7
11_RT,B_R,E22_../audio/B/Toad_P.wav,348.26,350.75,2.49,Correct,7
11_RT,B_R,E23_../audio/B/Constr_C.wav,355.84,358.14,2.30,Correct,7
11_RT,B_R,E24_../audio/B/Cone_C.wav,365.76,366.82,1.06,Correct,7
11_RT,B_R,E25_../audio/B/ICE_PR.wav,389.15,393.64,4.49,Correct,7
11_RT,B_R,E26_../audio/B/Tar_P.wav,414.62,418.56,3.94,Incorrect,1
11_RT,B_R,E27_../audio/B/Cone_A.wav,424.78,425.57,0.79,Correct,7
11_RT,B_L,E1_../audio/B/Duck_PR.wav,31.29,33.66,2.37,Correct,7
11_RT,B_L,E2_../audio/B/Flood_P.wav,40.13,44.70,4.57,Incorrect,1
11_RT,B_L,E3_../audio/B/Cone_D.wav,50.66,51.67,1.01,Correct,7
11_RT,B_L,E4_../audio/B/School_C.wav,56.39,61.66,5.27,Correct,7
11_RT,B_L,E5_../audio/B/Deer_PR.wav,69.51,71.78,2.27,Correct,7
11_RT,B_L,E6_../audio/B/Cone_E.wav,77.84,78.89,1.05,Correct,7
11_RT,B_L,E7_../audio/B/Blind_PR.wav,85.89,90.59,4.70,Incorrect,1
11_RT,B_L,E8_../audio/B/Frost_P.wav,131.50,133.33,1.83,Incorrect,1
11_RT,B_L,E9_../audio/B/Cone_F.wav,140.64,144.26,3.62,Correct,7
11_RT,B_L,E10_../audio/B/Flood_C.wav,163.16,165.88,2.72,Correct,7
11_RT,B_L,E11_../audio/B/Duck_C.wav,173.94,175.37,1.43,Correct,7
11_RT,B_L,E12_../audio/B/Cone_F.wav,181.28,181.93,0.65,Correct,7
11_RT,B_L,E13_../audio/B/Deer_P.wav,186.74,188.78,2.04,Incorrect,5
11_RT,B_L,E14_../audio/B/School_PR.wav,198.44,201.28,2.84,Correct,7
11_RT,B_L,E15_../audio/B/Cone_E.wav,207.09,207.85,0.76,Correct,7
11_RT,B_L,E16_../audio/B/Frost_PR.wav,230.56,234.68,4.12,Incorrect,7
11_RT,B_L,E17_../audio/B/Blind_P.wav,240.86,243.13,2.27,Correct,7
11_RT,B_L,E18_../audio/B/Cone_D.wav,249.88,250.99,1.11,Correct,7
11_RT,B_L,E19_../audio/B/Duck_P.wav,269.47,271.50,2.03,Correct,7
11_RT,B_L,E20_../audio/B/Flood_PR.wav,279.39,282.68,3.29,Incorrect,1
11_RT,B_L,E21_../audio/B/Cone_F.wav,289.68,291.02,1.34,Correct,7
11_RT,B_L,E22_../audio/B/School_P.wav,296.87,298.65,1.78,Correct,7
11_RT,B_L,E23_../audio/B/Deer_C.wav,306.35,308.55,2.20,Correct,7
11_RT,B_L,E24_../audio/B/Cone_D.wav,314.87,316.01,1.14,Correct,7
11_RT,B_L,E25_../audio/B/Blind_C.wav,321.01,322.86,1.85,Correct,7
11_RT,B_L,E26_../audio/B/Frost_C.wav,329.87,332.96,3.09,Incorrect,1
11_RT,B_L,E27_../audio/B/Cone_E.wav,339.00,340.02,1.02,Correct,7
11_RT,C_R,E1_../audio/C/Mark_P.wav,16.83,21.40,4.57,Incorrect,5
11_RT,C_R,E2_../audio/C/BendR_P.wav,40.62,43.07,2.45,Correct,7
11_RT,C_R,E3_../audio/C/Cone_C.wav,58.38,60.43,2.05,Incorrect,1
11_RT,C_R,E4_../audio/C/Toad_P.wav,75.69,77.11,1.42,Correct,7
11_RT,C_R,E5_../audio/C/Constr_PR.wav,97.19,104.48,7.29,Correct,7
11_RT,C_R,E6_../audio/C/Cone_B.wav,119.45,122.05,2.60,Correct,4
11_RT,C_R,E7_../audio/C/ICE_C.wav,135.96,138.50,2.54,Correct,6
11_RT,C_R,E8_../audio/C/Tar_P.wav,154.78,162.02,7.24,Incorrect,2
11_RT,C_R,E9_../audio/C/Cone_A.wav,176.41,179.59,3.18,Incorrect,2
11_RT,C_R,E10_../audio/C/BendR_PR.wav,195.29,198.26,2.97,Correct,6
11_RT,C_R,E11_../audio/C/Mark_PR.wav,217.81,220.62,2.81,Correct,7
11_RT,C_R,E12_../audio/C/Cone_A.wav,233.99,237.43,3.44,Incorrect,4
11_RT,C_R,E13_../audio/C/Constr_C.wav,252.84,256.15,3.31,Correct,7
11_RT,C_R,E14_../audio/C/Toad_PR.wav,275.10,281.90,6.80,Correct,2
11_RT,C_R,E15_../audio/C/Cone_C.wav,300.43,301.57,1.14,Correct,3
11_RT,C_R,E16_../audio/C/Tar_PR.wav,317.90,321.25,3.35,Incorrect,1
11_RT,C_R,E17_../audio/C/ICE_P.wav,338.58,340.83,2.25,Correct,6
11_RT,C_R,E18_../audio/C/Cone_B.wav,358.34,361.38,3.04,Correct,2
11_RT,C_R,E19_../audio/C/Mark_C.wav,373.33,376.83,3.50,Correct,7
11_RT,C_R,E20_../audio/C/BendR_C.wav,392.51,393.78,1.27,Correct,7
11_RT,C_R,E21_../audio/C/Cone_B.wav,409.42,412.58,3.16,Correct,7
11_RT,C_R,E22_../audio/C/Toad_C.wav,426.83,429.42,2.59,Correct,7
11_RT,C_R,E23_../audio/C/Constr_P.wav,448.71,450.71,2.00,Correct,7
11_RT,C_R,E24_../audio/C/Cone_A.wav,464.21,466.18,1.97,Correct,2
11_RT,C_R,E25_../audio/C/ICE_PR.wav,487.20,490.67,3.47,Incorrect,1
11_RT,C_R,E26_../audio/C/Tar_C.wav,507.86,510.39,2.53,Correct,7
11_RT,C_R,E27_../audio/C/Cone_C.wav,528.34,530.30,1.96,Incorrect,7
11_RT,C_L,E1_../audio/C/Duck_C.wav,20.77,23.37,2.60,Correct,7
11_RT,C_L,E2_../audio/C/Flood_PR.wav,47.09,49.99,2.90,Incorrect,1
11_RT,C_L,E3_../audio/C/Cone_D.wav,65.07,66.61,1.54,Correct,3
11_RT,C_L,E4_../audio/C/School_P.wav,82.48,84.81,2.33,Correct,7
11_RT,C_L,E5_../audio/C/Deer_P.wav,105.88,107.62,1.74,Correct,7
11_RT,C_L,E6_../audio/C/Cone_F.wav,120.92,124.62,3.70,Incorrect,1
11_RT,C_L,E7_../audio/C/Blind_P.wav,141.69,143.38,1.69,Correct,7
11_RT,C_L,E8_../audio/C/Frost_PR.wav,164.51,166.63,2.12,Correct,7
11_RT,C_L,E9_../audio/C/Cone_E.wav,183.51,187.38,3.87,Incorrect,2
11_RT,C_L,E10_../audio/C/Flood_C.wav,200.23,204.14,3.91,Correct,6
11_RT,C_L,E11_../audio/C/Duck_P.wav,222.29,224.41,2.12,Incorrect,5
11_RT,C_L,E12_../audio/C/Cone_D.wav,308.18,313.07,4.89,Incorrect,5
11_RT,C_L,E13_../audio/C/Deer_C.wav,330.31,332.94,2.63,Correct,7
11_RT,C_L,E14_../audio/C/School_PR.wav,356.87,359.86,2.99,Correct,7
11_RT,C_L,E15_../audio/C/Cone_E.wav,373.48,376.43,2.95,Incorrect,3
11_RT,C_L,E16_../audio/C/Frost_C.wav,390.88,393.22,2.34,Incorrect,5
11_RT,C_L,E17_../audio/C/Blind_C.wav,413.83,415.66,1.83,Incorrect,1
11_RT,C_L,E18_../audio/C/Cone_F.wav,431.74,435.78,4.04,Correct,4
11_RT,C_L,E19_../audio/C/Duck_PR.wav,451.70,453.99,2.29,Correct,7
11_RT,C_L,E20_../audio/C/Flood_P.wav,473.78,476.45,2.67,Correct,6
11_RT,C_L,E21_../audio/C/Cone_E.wav,493.55,497.04,3.49,Correct,4
11_RT,C_L,E22_../audio/C/School_C.wav,512.10,513.97,1.87,Correct,6
11_RT,C_L,E23_../audio/C/Deer_PR.wav,535.67,542.82,7.15,Incorrect,4
11_RT,C_L,E24_../audio/C/Cone_F.wav,560.02,563.23,3.21,Correct,3
11_RT,C_L,E25_../audio/C/Blind_PR.wav,579.82,582.70,2.88,Correct,7
11_RT,C_L,E26_../audio/C/Frost_P.wav,600.00,602.92,2.92,Incorrect,6
11_RT,C_L,E27_../audio/C/Cone_D.wav,620.27,622.58,2.31,Incorrect,2
12_OL,C_R,E1_../audio/C/Mark_C.wav,39.81,44.53,4.72,Correct,6
12_OL,C_R,E2_../audio/C/BendR_P.wav,66.17,68.68,2.51,Correct,7
12_OL,C_R,E3_../audio/C/Cone_B.wav,90.12,95.67,5.55,Correct,5
12_OL,C_R,E4_../audio/C/Toad_C.wav,115.23,117.42,2.19,Correct,6
12_OL,C_R,E5_../audio/C/Constr_C.wav,137.75,140.35,2.60,Correct,6
12_OL,C_R,E6_../audio/C/Cone_A.wav,160.42,162.34,1.92,Correct,5
12_OL,C_R,E7_../audio/C/ICE_P.wav,179.34,180.41,1.07,Correct,7
12_OL,C_R,E8_../audio/C/Tar_P.wav,199.80,206.79,6.99,Correct,3
12_OL,C_R,E9_../audio/C/Cone_C.wav,226.76,228.42,1.66,Correct,5
12_OL,C_R,E10_../audio/C/BendR_C.wav,242.27,244.88,2.61,Correct,6
12_OL,C_R,E11_../audio/C/Mark_PR.wav,265.90,271.59,5.69,Correct,6
12_OL,C_R,E12_../audio/C/Cone_A.wav,289.53,291.91,2.38,Correct,7
12_OL,C_R,E13_../audio/C/Constr_PR.wav,306.02,312.47,6.45,Correct,7
12_OL,C_R,E14_../audio/C/Toad_P.wav,332.33,333.85,1.52,Correct,7
12_OL,C_R,E15_../audio/C/Cone_B.wav,352.95,354.14,1.19,Correct,6
12_OL,C_R,E16_../audio/C/Tar_C.wav,368.37,372.32,3.95,Correct,7
12_OL,C_R,E17_../audio/C/ICE_C.wav,412.50,417.81,5.31,Correct,7
12_OL,C_R,E18_../audio/C/Cone_C.wav,453.71,454.98,1.27,Correct,5
12_OL,C_R,E19_../audio/C/Mark_P.wav,467.91,470.82,2.91,Correct,6
12_OL,C_R,E20_../audio/C/BendR_PR.wav,491.17,495.69,4.52,Correct,7
12_OL,C_R,E21_../audio/C/Cone_B.wav,514.77,518.59,3.82,Correct,5
12_OL,C_R,E22_../audio/C/Toad_PR.wav,534.57,539.09,4.52,Correct,7
12_OL,C_R,E23_../audio/C/Constr_P.wav,558.83,561.38,2.55,Correct,7
12_OL,C_R,E24_../audio/C/Cone_A.wav,580.38,585.01,4.63,Incorrect,4
12_OL,C_R,E25_../audio/C/ICE_PR.wav,602.31,606.59,4.28,Correct,6
12_OL,C_R,E26_../audio/C/Tar_PR.wav,627.75,630.30,2.55,Correct,6
12_OL,C_R,E27_../audio/C/Cone_C.wav,646.51,647.75,1.24,Correct,7
12_OL,C_L,E1_../audio/C/Duck_C.wav,43.77,46.08,2.31,Correct,7
12_OL,C_L,E2_../audio/C/Flood_PR.wav,77.87,82.08,4.21,Correct,7
12_OL,C_L,E3_../audio/C/Cone_D.wav,101.76,102.96,1.20,Correct,7
12_OL,C_L,E4_../audio/C/School_C.wav,119.53,123.34,3.81,Correct,7
12_OL,C_L,E5_../audio/C/Deer_P.wav,147.96,150.09,2.13,Correct,7
12_OL,C_L,E6_../audio/C/Cone_E.wav,167.71,169.97,2.26,Incorrect,5
12_OL,C_L,E7_../audio/C/Blind_C.wav,183.26,186.83,3.57,Correct,7
12_OL,C_L,E8_../audio/C/Frost_C.wav,204.09,209.04,4.95,Correct,6
12_OL,C_L,E9_../audio/C/Cone_F.wav,226.58,228.02,1.44,Correct,6
12_OL,C_L,E10_../audio/C/Flood_C.wav,241.90,246.13,4.23,Correct,7
12_OL,C_L,E11_../audio/C/Duck_PR.wav,264.73,266.71,1.98,Correct,4
12_OL,C_L,E12_../audio/C/Cone_F.wav,284.64,285.79,1.15,Correct,7
12_OL,C_L,E13_../audio/C/Deer_PR.wav,304.17,307.04,2.87,Correct,7
12_OL,C_L,E14_../audio/C/School_P.wav,327.27,328.67,1.40,Correct,6
12_OL,C_L,E15_../audio/C/Cone_D.wav,343.88,346.12,2.24,Correct,3
12_OL,C_L,E16_../audio/C/Frost_P.wav,362.53,364.09,1.56,Correct,7
12_OL,C_L,E17_../audio/C/Blind_P.wav,383.95,385.40,1.45,Correct,7
12_OL,C_L,E18_../audio/C/Cone_E.wav,401.71,403.40,1.69,Correct,6
12_OL,C_L,E19_../audio/C/Duck_P.wav,419.21,420.87,1.66,Incorrect,6
12_OL,C_L,E20_../audio/C/Flood_P.wav,547.15,549.03,1.88,Correct,7
12_OL,C_L,E21_../audio/C/Cone_E.wav,564.35,565.67,1.32,Correct,7
12_OL,C_L,E22_../audio/C/School_PR.wav,585.58,589.44,3.86,Correct,4
12_OL,C_L,E23_../audio/C/Deer_C.wav,610.20,613.13,2.93,Correct,7
12_OL,C_L,E24_../audio/C/Cone_D.wav,633.84,636.02,2.18,Correct,7
12_OL,C_L,E25_../audio/C/Blind_PR.wav,649.52,655.45,5.93,Correct,7
12_OL,C_L,E26_../audio/C/Frost_PR.wav,676.43,679.53,3.10,Correct,7
12_OL,C_L,E27_../audio/C/Cone_F.wav,700.87,702.15,1.28,Correct,6
12_OL,B_R,E1_../audio/B/Mark_C.wav,23.68,27.74,4.06,Correct,7
12_OL,B_R,E2_../audio/B/BendR_PR.wav,57.08,62.37,5.29,Correct,7
12_OL,B_R,E3_../audio/B/Cone_A.wav,73.50,73.99,0.49,Correct,7
12_OL,B_R,E4_../audio/B/Toad_C.wav,87.51,91.79,4.28,Correct,7
12_OL,B_R,E5_../audio/B/Constr_P.wav,99.00,101.42,2.42,Correct,7
12_OL,B_R,E6_../audio/B/Cone_C.wav,107.76,108.84,1.08,Correct,7
12_OL,B_R,E7_../audio/B/ICE_C.wav,131.26,133.96,2.70,Correct,7
12_OL,B_R,E8_../audio/B/Tar_P.wav,140.82,143.02,2.20,Correct,7
12_OL,B_R,E9_../audio/B/Cone_B.wav,149.39,150.19,0.80,Correct,7
12_OL,B_R,E10_../audio/B/BendR_P.wav,157.47,159.54,2.07,Correct,7
12_OL,B_R,E11_../audio/B/Mark_PR.wav,168.58,173.40,4.82,Correct,7
12_OL,B_R,E12_../audio/B/Cone_C.wav,183.25,184.59,1.34,Correct,7
12_OL,B_R,E13_../audio/B/Constr_PR.wav,203.48,208.03,4.55,Correct,7
12_OL,B_R,E14_../audio/B/Toad_P.wav,213.50,214.41,0.91,Correct,7
12_OL,B_R,E15_../audio/B/Cone_A.wav,223.91,224.82,0.91,Correct,7
12_OL,B_R,E16_../audio/B/Tar_PR.wav,231.68,233.00,1.32,Correct,7
12_OL,B_R,E17_../audio/B/ICE_PR.wav,243.66,246.03,2.37,Correct,7
12_OL,B_R,E18_../audio/B/Cone_B.wav,253.38,254.31,0.93,Correct,7
12_OL,B_R,E19_../audio/B/Mark_P.wav,260.95,263.26,2.31,Correct,7
12_OL,B_R,E20_../audio/B/BendR_C.wav,274.65,276.60,1.95,Correct,7
12_OL,B_R,E21_../audio/B/Cone_A.wav,284.50,287.08,2.58,Correct,7
12_OL,B_R,E22_../audio/B/Toad_PR.wav,294.73,296.85,2.12,Correct,7
12_OL,B_R,E23_../audio/B/Constr_C.wav,306.68,309.23,2.55,Correct,7
12_OL,B_R,E24_../audio/B/Cone_C.wav,316.14,316.75,0.61,Correct,7
12_OL,B_R,E25_../audio/B/ICE_P.wav,324.10,324.96,0.86,Correct,7
12_OL,B_R,E26_../audio/B/Tar_C.wav,333.40,336.59,3.19,Correct,7
12_OL,B_R,E27_../audio/B/Cone_B.wav,347.79,349.15,1.36,Correct,7
12_OL,B_L,E1_../audio/B/Duck_C.wav,68.05,70.89,2.84,Correct,7
12_OL,B_L,E2_../audio/B/Flood_P.wav,81.01,83.40,2.39,Correct,7
12_OL,B_L,E3_../audio/B/Cone_D.wav,91.24,92.25,1.01,Correct,7
12_OL,B_L,E4_../audio/B/School_P.wav,98.41,101.38,2.97,Correct,7
12_OL,B_L,E5_../audio/B/Deer_C.wav,109.28,111.86,2.58,Correct,7
12_OL,B_L,E6_../audio/B/Cone_F.wav,118.75,119.91,1.16,Correct,7
12_OL,B_L,E7_../audio/B/Blind_P.wav,126.55,128.86,2.31,Correct,7
12_OL,B_L,E8_../audio/B/Frost_P.wav,135.06,136.45,1.39,Correct,7
12_OL,B_L,E9_../audio/B/Cone_E.wav,143.17,144.24,1.07,Correct,7
12_OL,B_L,E10_../audio/B/Flood_C.wav,151.66,154.85,3.19,Correct,7
12_OL,B_L,E11_../audio/B/Duck_PR.wav,166.20,168.14,1.94,Correct,7
12_OL,B_L,E12_../audio/B/Cone_E.wav,176.33,177.67,1.34,Correct,7
12_OL,B_L,E13_../audio/B/Deer_PR.wav,184.90,188.01,3.11,Correct,7
12_OL,B_L,E14_../audio/B/School_C.wav,193.43,196.88,3.45,Correct,7
12_OL,B_L,E15_../audio/B/Cone_F.wav,204.00,205.55,1.55,Correct,7
12_OL,B_L,E16_../audio/B/Frost_C.wav,210.75,212.89,2.14,Correct,7
12_OL,B_L,E17_../audio/B/Blind_PR.wav,221.78,225.46,3.68,Correct,7
12_OL,B_L,E18_../audio/B/Cone_D.wav,232.03,233.35,1.32,Correct,7
12_OL,B_L,E19_../audio/B/Duck_P.wav,248.26,249.45,1.19,Correct,7
12_OL,B_L,E20_../audio/B/Flood_PR.wav,268.18,270.61,2.43,Correct,7
12_OL,B_L,E21_../audio/B/Cone_D.wav,278.21,279.22,1.01,Correct,7
12_OL,B_L,E22_../audio/B/School_PR.wav,286.99,290.12,3.13,Correct,7
12_OL,B_L,E23_../audio/B/Deer_P.wav,297.49,298.37,0.88,Correct,7
12_OL,B_L,E24_../audio/B/Cone_F.wav,306.42,307.46,1.04,Correct,7
12_OL,B_L,E25_../audio/B/Blind_C.wav,313.51,316.67,3.16,Correct,7
12_OL,B_L,E26_../audio/B/Frost_PR.wav,325.17,327.65,2.48,Correct,7
12_OL,B_L,E27_../audio/B/Cone_E.wav,338.02,339.14,1.12,Correct,7
13_RT,B_R,E1_../audio/B/Mark_C.wav,31.64,37.00,5.36,Incorrect,1
13_RT,B_R,E2_../audio/B/BendR_C.wav,63.05,64.58,1.53,Correct,7
13_RT,B_R,E3_../audio/B/Cone_C.wav,72.08,73.20,1.12,Correct,7
13_RT,B_R,E4_../audio/B/Toad_C.wav,77.65,79.83,2.18,Correct,7
13_RT,B_R,E5_../audio/B/Constr_P.wav,85.93,89.00,3.07,Incorrect,2
13_RT,B_R,E6_../audio/B/Cone_B.wav,96.60,97.82,1.22,Correct,6
13_RT,B_R,E7_../audio/B/ICE_C.wav,122.23,123.74,1.51,Correct,7
13_RT,B_R,E8_../audio/B/Tar_P.wav,131.59,134.11,2.52,Incorrect,7
13_RT,B_R,E9_../audio/B/Cone_A.wav,145.03,146.25,1.22,Correct,6
13_RT,B_R,E10_../audio/B/BendR_P.wav,167.83,169.70,1.87,Correct,7
13_RT,B_R,E11_../audio/B/Mark_PR.wav,177.53,182.54,5.01,Correct,5
13_RT,B_R,E12_../audio/B/Cone_B.wav,189.41,190.41,1.00,Correct,6
13_RT,B_R,E13_../audio/B/Constr_C.wav,215.49,220.01,4.52,Incorrect,2
13_RT,B_R,E14_../audio/B/Toad_PR.wav,229.21,230.53,1.32,Correct,7
13_RT,B_R,E15_../audio/B/Cone_A.wav,236.61,237.54,0.93,Correct,7
13_RT,B_R,E16_../audio/B/Tar_PR.wav,243.69,246.16,2.47,Correct,7
13_RT,B_R,E17_../audio/B/ICE_P.wav,254.70,255.90,1.20,Correct,7
13_RT,B_R,E18_../audio/B/Cone_C.wav,262.92,263.67,0.75,Correct,6
13_RT,B_R,E19_../audio/B/Mark_P.wav,269.85,275.17,5.32,Incorrect,4
13_RT,B_R,E20_../audio/B/BendR_PR.wav,300.96,306.46,5.50,Incorrect,7
13_RT,B_R,E21_../audio/B/Cone_B.wav,313.52,315.39,1.87,Correct,5
13_RT,B_R,E22_../audio/B/Toad_P.wav,338.60,340.14,1.54,Correct,6
13_RT,B_R,E23_../audio/B/Constr_PR.wav,351.50,355.04,3.54,Correct,5
13_RT,B_R,E24_../audio/B/Cone_C.wav,362.02,362.61,0.59,Correct,6
13_RT,B_R,E25_../audio/B/ICE_PR.wav,387.63,392.19,4.56,Correct,5
13_RT,B_R,E26_../audio/B/Tar_C.wav,416.39,421.42,5.03,Correct,6
13_RT,B_R,E27_../audio/B/Cone_A.wav,430.61,431.42,0.81,Correct,6
13_RT,B_L,E1_../audio/B/Duck_PR.wav,31.52,34.04,2.52,Correct,5
13_RT,B_L,E2_../audio/B/Flood_C.wav,39.71,43.02,3.31,Correct,6
13_RT,B_L,E3_../audio/B/Cone_F.wav,50.47,52.13,1.66,Correct,6
13_RT,B_L,E4_../audio/B/School_P.wav,75.11,77.67,2.56,Correct,7
13_RT,B_L,E5_../audio/B/Deer_C.wav,84.66,89.38,4.72,Correct,6
13_RT,B_L,E6_../audio/B/Cone_D.wav,97.95,99.01,1.06,Correct,6
13_RT,B_L,E7_../audio/B/Blind_PR.wav,133.07,138.69,5.62,Correct,4
13_RT,B_L,E8_../audio/B/Frost_PR.wav,162.92,167.08,4.16,Correct,6
13_RT,B_L,E9_../audio/B/Cone_E.wav,173.74,175.00,1.26,Correct,7
13_RT,B_L,E10_../audio/B/Flood_P.wav,180.57,186.80,6.23,Correct,6
13_RT,B_L,E11_../audio/B/Duck_C.wav,191.57,195.17,3.60,Correct,5
13_RT,B_L,E12_../audio/B/Cone_E.wav,202.01,204.66,2.65,Correct,5
13_RT,B_L,E13_../audio/B/Deer_PR.wav,230.08,232.55,2.47,Correct,6
13_RT,B_L,E14_../audio/B/School_C.wav,239.28,242.93,3.65,Correct,6
13_RT,B_L,E15_../audio/B/Cone_F.wav,251.61,252.90,1.29,Correct,6
13_RT,B_L,E16_../audio/B/Frost_P.wav,273.85,275.23,1.38,Correct,7
13_RT,B_L,E17_../audio/B/Blind_C.wav,285.47,290.47,5.00,Correct,3
13_RT,B_L,E18_../audio/B/Cone_D.wav,298.08,299.75,1.67,Correct,4
13_RT,B_L,E19_../audio/B/Duck_P.wav,323.63,326.81,3.18,Correct,6
13_RT,B_L,E20_../audio/B/Flood_PR.wav,336.51,352.96,16.45,Correct,6
13_RT,B_L,E21_../audio/B/Cone_F.wav,363.12,364.40,1.28,Correct,7
13_RT,B_L,E22_../audio/B/School_PR.wav,389.37,392.57,3.20,Correct,7
13_RT,B_L,E23_../audio/B/Deer_P.wav,397.98,400.26,2.28,Correct,7
13_RT,B_L,E24_../audio/B/Cone_D.wav,406.42,407.63,1.21,Correct,7
13_RT,B_L,E25_../audio/B/Blind_P.wav,414.74,416.20,1.46,Correct,6
13_RT,B_L,E26_../audio/B/Frost_C.wav,424.00,427.36,3.36,Correct,6
13_RT,B_L,E27_../audio/B/Cone_E.wav,435.94,439.31,3.37,Correct,6
13_RT,C_R,E1_../audio/C/Mark_C.wav,38.43,44.05,5.62,Incorrect,3
13_RT,C_R,E2_../audio/C/BendR_C.wav,66.68,72.19,5.51,Correct,7
13_RT,C_R,E3_../audio/C/Cone_B.wav,90.71,92.36,1.65,Correct,5
13_RT,C_R,E4_../audio/C/Toad_PR.wav,111.15,113.81,2.66,Correct,6
13_RT,C_R,E5_../audio/C/Constr_PR.wav,135.47,140.78,5.31,Correct,7
13_RT,C_R,E6_../audio/C/Cone_A.wav,159.19,161.99,2.80,Incorrect,3
13_RT,C_R,E7_../audio/C/ICE_P.wav,178.86,180.10,1.24,Correct,7
13_RT,C_R,E8_../audio/C/Tar_PR.wav,200.34,204.85,4.51,Incorrect,7
13_RT,C_R,E9_../audio/C/Cone_C.wav,227.51,228.72,1.21,Correct,6
13_RT,C_R,E10_../audio/C/BendR_P.wav,241.83,247.84,6.01,Correct,5
13_RT,C_R,E11_../audio/C/Mark_P.wav,268.72,273.65,4.93,Correct,5
13_RT,C_R,E12_../audio/C/Cone_C.wav,291.00,293.69,2.69,Incorrect,2
13_RT,C_R,E13_../audio/C/Constr_P.wav,310.51,315.46,4.95,Correct,6
13_RT,C_R,E14_../audio/C/Toad_P.wav,339.88,342.08,2.20,Correct,6
13_RT,C_R,E15_../audio/C/Cone_A.wav,357.21,359.85,2.64,Correct,5
13_RT,C_R,E16_../audio/C/Tar_C.wav,378.35,384.63,6.28,Correct,6
13_RT,C_R,E17_../audio/C/ICE_PR.wav,407.56,412.16,4.60,Correct,6
13_RT,C_R,E18_../audio/C/Cone_B.wav,429.65,431.15,1.50,Correct,6
13_RT,C_R,E19_../audio/C/Mark_PR.wav,452.16,456.35,4.19,Correct,6
13_RT,C_R,E20_../audio/C/BendR_PR.wav,483.87,491.89,8.02,Correct,6
13_RT,C_R,E21_../audio/C/Cone_B.wav,511.47,513.66,2.19,Correct,4
13_RT,C_R,E22_../audio/C/Toad_C.wav,559.79,567.11,7.32,Correct,6
13_RT,C_R,E23_../audio/C/Constr_C.wav,586.10,589.65,3.55,Correct,7
13_RT,C_R,E24_../audio/C/Cone_A.wav,608.97,610.85,1.88,Correct,6
13_RT,C_R,E25_../audio/C/ICE_C.wav,627.56,630.15,2.59,Correct,6
13_RT,C_R,E26_../audio/C/Tar_P.wav,650.62,654.45,3.83,Correct,6
13_RT,C_R,E27_../audio/C/Cone_C.wav,672.26,674.05,1.79,Correct,5
13_RT,C_L,E1_../audio/C/Duck_P.wav,36.84,39.61,2.77,Correct,6
13_RT,C_L,E2_../audio/C/Flood_P.wav,64.93,68.24,3.31,Correct,6
13_RT,C_L,E3_../audio/C/Cone_D.wav,85.21,86.77,1.56,Correct,6
13_RT,C_L,E4_../audio/C/School_C.wav,107.32,111.61,4.29,Correct,6
13_RT,C_L,E5_../audio/C/Deer_C.wav,134.09,140.77,6.68,Correct,7
13_RT,C_L,E6_../audio/C/Cone_F.wav,158.75,162.79,4.04,Correct,4
13_RT,C_L,E7_../audio/C/Blind_C.wav,180.37,186.04,5.67,Correct,5
13_RT,C_L,E8_../audio/C/Frost_C.wav,216.57,227.68,11.11,Correct,7
13_RT,C_L,E9_../audio/C/Cone_E.wav,246.85,249.04,2.19,Correct,6
13_RT,C_L,E10_../audio/C/Flood_C.wav,265.88,273.50,7.62,Correct,6
13_RT,C_L,E11_../audio/C/Duck_PR.wav,294.89,296.77,1.88,Correct,6
13_RT,C_L,E12_../audio/C/Cone_E.wav,324.62,328.84,4.22,Correct,3
13_RT,C_L,E13_../audio/C/Deer_PR.wav,348.74,351.57,2.83,Correct,6
13_RT,C_L,E14_../audio/C/School_P.wav,373.06,382.39,9.33,Correct,6
13_RT,C_L,E15_../audio/C/Cone_D.wav,397.91,400.90,2.99,Correct,3
13_RT,C_L,E16_../audio/C/Frost_P.wav,421.50,423.50,2.00,Correct,6
13_RT,C_L,E17_../audio/C/Blind_P.wav,445.23,449.35,4.12,Correct,7
13_RT,C_L,E18_../audio/C/Cone_F.wav,464.54,466.35,1.81,Correct,6
13_RT,C_L,E19_../audio/C/Duck_C.wav,485.08,493.11,8.03,Correct,6
13_RT,C_L,E20_../audio/C/Flood_PR.wav,558.33,567.61,9.28,Incorrect,4
13_RT,C_L,E21_../audio/C/Cone_F.wav,587.64,590.47,2.83,Correct,7
13_RT,C_L,E22_../audio/C/School_PR.wav,646.42,654.61,8.19,Correct,7
13_RT,C_L,E23_../audio/C/Deer_P.wav,675.09,678.07,2.98,Correct,7
13_RT,C_L,E24_../audio/C/Cone_E.wav,699.38,700.81,1.43,Correct,7
13_RT,C_L,E25_../audio/C/Blind_PR.wav,718.15,726.89,8.74,Correct,6
13_RT,C_L,E26_../audio/C/Frost_PR.wav,754.35,759.78,5.43,Correct,7
13_RT,C_L,E27_../audio/C/Cone_D.wav,777.63,779.02,1.39,Correct,6
14_OL,C_R,E1_../audio/C/Mark_PR.wav,47.05,122.74,75.69,Incorrect,1
14_OL,C_R,E2_../audio/C/BendR_PR.wav,156.41,197.00,40.59,Incorrect,6
14_OL,C_R,E3_../audio/C/Cone_A.wav,223.81,232.58,8.77,Correct,7
14_OL,C_R,E4_../audio/C/Toad_P.wav,255.96,268.38,12.42,Incorrect,4
14_OL,C_R,E5_../audio/C/Constr_C.wav,300.27,306.65,6.38,Correct,7
14_OL,C_R,E6_../audio/C/Cone_B.wav,332.65,336.30,3.65,Incorrect,6
14_OL,C_R,E7_../audio/C/ICE_C.wav,353.30,358.73,5.43,Correct,7
14_OL,C_R,E8_../audio/C/Tar_C.wav,378.53,407.39,28.86,Correct,7
14_OL,C_R,E9_../audio/C/Cone_C.wav,433.07,436.37,3.30,Incorrect,6
14_OL,C_R,E10_../audio/C/BendR_P.wav,455.71,459.93,4.22,Correct,7
14_OL,C_R,E11_../audio/C/Mark_C.wav,483.10,495.00,11.90,Correct,7
14_OL,C_R,E12_../audio/C/Cone_B.wav,527.12,530.68,3.56,Incorrect,5
14_OL,C_R,E13_../audio/C/Constr_P.wav,549.17,556.82,7.65,Incorrect,1
14_OL,C_R,E14_../audio/C/Toad_PR.wav,579.95,615.50,35.55,Incorrect,2
14_OL,C_R,E15_../audio/C/Cone_A.wav,640.11,642.02,1.91,Correct,7
14_OL,C_R,E16_../audio/C/Tar_PR.wav,674.43,686.71,12.28,Correct,6
14_OL,C_R,E17_../audio/C/ICE_P.wav,712.69,721.00,8.31,Correct,5
14_OL,C_R,E18_../audio/C/Cone_C.wav,741.45,742.88,1.43,Correct,7
14_OL,C_R,E19_../audio/C/Mark_P.wav,758.78,770.29,11.51,Correct,6
14_OL,C_R,E20_../audio/C/BendR_C.wav,791.66,800.05,8.39,Correct,7
14_OL,C_R,E21_../audio/C/Cone_A.wav,818.92,819.64,0.72,Correct,7
14_OL,C_R,E22_../audio/C/Toad_C.wav,838.16,852.88,14.72,Correct,7
14_OL,C_R,E23_../audio/C/Constr_PR.wav,875.44,896.66,21.22,Correct,7
14_OL,C_R,E24_../audio/C/Cone_B.wav,917.96,920.39,2.43,Incorrect,6
14_OL,C_R,E25_../audio/C/ICE_PR.wav,941.00,947.49,6.49,Incorrect,7
14_OL,C_R,E26_../audio/C/Tar_P.wav,968.68,973.80,5.12,Correct,7
14_OL,C_R,E27_../audio/C/Cone_C.wav,1006.06,1009.25,3.19,Correct,7
14_OL,C_L,E1_../audio/C/Duck_PR.wav,50.01,61.89,11.88,Correct,7
14_OL,C_L,E2_../audio/C/Flood_PR.wav,90.35,113.13,22.78,Incorrect,1
14_OL,C_L,E3_../audio/C/Cone_D.wav,131.13,145.99,14.86,Correct,7
14_OL,C_L,E4_../audio/C/School_PR.wav,170.83,175.80,4.97,Correct,7
14_OL,C_L,E5_../audio/C/Deer_PR.wav,200.24,213.11,12.87,Correct,7
14_OL,C_L,E6_../audio/C/Cone_F.wav,235.51,239.18,3.67,Incorrect,6
14_OL,C_L,E7_../audio/C/Blind_C.wav,252.70,256.83,4.13,Correct,7
14_OL,C_L,E8_../audio/C/Frost_C.wav,406.75,414.65,7.90,Correct,7
14_OL,C_L,E9_../audio/C/Cone_E.wav,435.69,438.25,2.56,Incorrect,7
14_OL,C_L,E10_../audio/C/Flood_P.wav,458.30,478.17,19.87,Incorrect,1
14_OL,C_L,E11_../audio/C/Duck_C.wav,499.46,502.75,3.29,Correct,7
14_OL,C_L,E12_../audio/C/Cone_F.wav,531.36,536.10,4.74,Incorrect,7
14_OL,C_L,E13_../audio/C/Deer_C.wav,558.53,576.15,17.62,Correct,7
14_OL,C_L,E14_../audio/C/School_C.wav,598.66,601.90,3.24,Correct,7
14_OL,C_L,E15_../audio/C/Cone_D.wav,617.22,619.64,2.42,Incorrect,7
14_OL,C_L,E16_../audio/C/Frost_PR.wav,641.80,647.62,5.82,Correct,5
14_OL,C_L,E17_../audio/C/Blind_PR.wav,672.91,679.95,7.04,Correct,7
14_OL,C_L,E18_../audio/C/Cone_E.wav,701.74,706.10,4.36,Incorrect,5
14_OL,C_L,E19_../audio/C/Duck_P.wav,743.65,745.37,1.72,Correct,7
14_OL,C_L,E20_../audio/C/Flood_C.wav,770.02,775.13,5.11,Correct,7
14_OL,C_L,E21_../audio/C/Cone_E.wav,793.81,797.48,3.67,Correct,7
14_OL,C_L,E22_../audio/C/School_P.wav,854.23,859.05,4.82,Correct,1
14_OL,C_L,E23_../audio/C/Deer_P.wav,897.42,903.62,6.20,Correct,6
14_OL,C_L,E24_../audio/C/Cone_D.wav,918.01,929.64,11.63,Incorrect,3
14_OL,C_L,E25_../audio/C/Blind_P.wav,951.37,958.61,7.24,Correct,2
14_OL,C_L,E26_../audio/C/Frost_P.wav,984.97,992.67,7.70,Correct,3
14_OL,C_L,E27_../audio/C/Cone_F.wav,1010.16,1013.21,3.05,Incorrect,3
14_OL,B_R,E1_../audio/B/Mark_P.wav,33.52,35.49,1.97,Correct,7
14_OL,B_R,E2_../audio/B/BendR_P.wav,45.06,47.58,2.52,Correct,7
14_OL,B_R,E3_../audio/B/Cone_B.wav,54.04,60.02,5.98,Correct,7
14_OL,B_R,E4_../audio/B/Toad_PR.wav,79.91,81.22,1.31,Correct,7
14_OL,B_R,E5_../audio/B/Constr_P.wav,90.21,93.36,3.15,Correct,7
14_OL,B_R,E6_../audio/B/Cone_A.wav,100.71,103.51,2.80,Correct,7
14_OL,B_R,E7_../audio/B/ICE_PR.wav,131.49,133.33,1.84,Correct,7
14_OL,B_R,E8_../audio/B/Tar_PR.wav,140.50,144.44,3.94,Incorrect,5
14_OL,B_R,E9_../audio/B/Cone_C.wav,150.04,152.57,2.53,Correct,7
14_OL,B_R,E10_../audio/B/BendR_C.wav,158.89,161.12,2.23,Correct,7
14_OL,B_R,E11_../audio/B/Mark_C.wav,168.68,170.32,1.64,Correct,7
14_OL,B_R,E12_../audio/B/Cone_B.wav,177.41,178.84,1.43,Correct,7
14_OL,B_R,E13_../audio/B/Constr_PR.wav,186.15,188.38,2.23,Correct,7
14_OL,B_R,E14_../audio/B/Toad_P.wav,196.21,198.83,2.62,Correct,7
14_OL,B_R,E15_../audio/B/Cone_C.wav,205.85,209.24,3.39,Correct,7
14_OL,B_R,E16_../audio/B/Tar_P.wav,230.66,234.46,3.80,Correct,7
14_OL,B_R,E17_../audio/B/ICE_P.wav,243.73,245.56,1.83,Correct,7
14_OL,B_R,E18_../audio/B/Cone_A.wav,251.23,254.17,2.94,Correct,7
14_OL,B_R,E19_../audio/B/Mark_PR.wav,263.10,266.61,3.51,Correct,7
14_OL,B_R,E20_../audio/B/BendR_PR.wav,277.08,277.97,0.89,Correct,7
14_OL,B_R,E21_../audio/B/Cone_B.wav,284.41,285.40,0.99,Correct,7
14_OL,B_R,E22_../audio/B/Toad_C.wav,290.96,292.50,1.54,Correct,7
14_OL,B_R,E23_../audio/B/Constr_C.wav,302.33,304.55,2.22,Correct,7
14_OL,B_R,E24_../audio/B/Cone_A.wav,312.88,313.85,0.97,Correct,7
14_OL,B_R,E25_../audio/B/ICE_C.wav,318.87,321.37,2.50,Correct,7
14_OL,B_R,E26_../audio/B/Tar_C.wav,326.85,328.57,1.72,Correct,7
14_OL,B_R,E27_../audio/B/Cone_C.wav,333.99,334.50,0.51,Correct,7
14_OL,B_L,E1_../audio/B/Duck_C.wav,42.38,43.18,0.80,Correct,7
14_OL,B_L,E2_../audio/B/Flood_PR.wav,54.87,58.53,3.66,Correct,7
14_OL,B_L,E3_../audio/B/Cone_F.wav,65.65,66.56,0.91,Correct,7
14_OL,B_L,E4_../audio/B/School_P.wav,90.76,95.61,4.85,Correct,7
14_OL,B_L,E5_../audio/B/Deer_PR.wav,106.42,108.67,2.25,Correct,7
14_OL,B_L,E6_../audio/B/Cone_E.wav,117.89,119.13,1.24,Correct,7
14_OL,B_L,E7_../audio/B/Blind_C.wav,127.47,129.33,1.86,Correct,7
14_OL,B_L,E8_../audio/B/Frost_C.wav,139.16,141.59,2.43,Correct,7
14_OL,B_L,E9_../audio/B/Cone_D.wav,153.73,154.01,0.28,Correct,7
14_OL,B_L,E10_../audio/B/Flood_P.wav,159.32,166.87,7.55,Incorrect,7
14_OL,B_L,E11_../audio/B/Duck_P.wav,173.84,175.22,1.38,Correct,7
14_OL,B_L,E12_../audio/B/Cone_E.wav,185.48,186.25,0.77,Correct,7
14_OL,B_L,E13_../audio/B/Deer_P.wav,192.31,195.95,3.64,Correct,7
14_OL,B_L,E14_../audio/B/School_C.wav,215.24,219.63,4.39,Correct,7
14_OL,B_L,E15_../audio/B/Cone_D.wav,227.28,228.12,0.84,Correct,7
14_OL,B_L,E16_../audio/B/Frost_PR.wav,237.70,240.84,3.14,Correct,7
14_OL,B_L,E17_../audio/B/Blind_PR.wav,254.73,258.93,4.20,Correct,7
14_OL,B_L,E18_../audio/B/Cone_F.wav,267.31,267.93,0.62,Correct,7
14_OL,B_L,E19_../audio/B/Duck_PR.wav,274.47,279.76,5.29,Correct,7
14_OL,B_L,E20_../audio/B/Flood_C.wav,291.54,293.60,2.06,Correct,7
14_OL,B_L,E21_../audio/B/Cone_E.wav,301.50,303.11,1.61,Correct,7
14_OL,B_L,E22_../audio/B/School_PR.wav,312.51,314.37,1.86,Correct,7
14_OL,B_L,E23_../audio/B/Deer_C.wav,326.73,328.48,1.75,Correct,7
14_OL,B_L,E24_../audio/B/Cone_D.wav,338.24,339.95,1.71,Correct,7
14_OL,B_L,E25_../audio/B/Blind_P.wav,347.65,349.11,1.46,Correct,7
14_OL,B_L,E26_../audio/B/Frost_P.wav,359.34,360.97,1.63,Correct,7
14_OL,B_L,E27_../audio/B/Cone_F.wav,367.49,367.87,0.38,Correct,7
15_RT,B_R,E1_../audio/B/Mark_P.wav,56.39,60.80,4.41,Correct,7
15_RT,B_R,E2_../audio/B/BendR_P.wav,74.64,80.15,5.51,Correct,7
15_RT,B_R,E3_../audio/B/Cone_C.wav,88.42,90.62,2.20,Correct,7
15_RT,B_R,E4_../audio/B/Toad_C.wav,99.24,106.17,6.93,Correct,6
15_RT,B_R,E5_../audio/B/Constr_PR.wav,150.65,155.65,5.00,Correct,7
15_RT,B_R,E6_../audio/B/Cone_A.wav,164.97,167.17,2.20,Correct,7
15_RT,B_R,E7_../audio/B/ICE_PR.wav,177.62,181.09,3.47,Correct,7
15_RT,B_R,E8_../audio/B/Tar_P.wav,193.27,197.63,4.36,Correct,7
15_RT,B_R,E9_../audio/B/Cone_B.wav,207.08,208.90,1.82,Correct,7
15_RT,B_R,E10_../audio/B/BendR_PR.wav,222.07,229.31,7.24,Correct,7
15_RT,B_R,E11_../audio/B/Mark_PR.wav,270.51,282.77,12.26,Correct,7
15_RT,B_R,E12_../audio/B/Cone_C.wav,292.27,295.46,3.19,Correct,4
15_RT,B_R,E13_../audio/B/Constr_C.wav,323.74,327.53,3.79,Correct,7
15_RT,B_R,E14_../audio/B/Toad_PR.wav,343.14,346.58,3.44,Correct,7
15_RT,B_R,E15_../audio/B/Cone_A.wav,355.75,357.86,2.11,Correct,7
15_RT,B_R,E16_../audio/B/Tar_C.wav,367.96,377.23,9.27,Correct,6
15_RT,B_R,E17_../audio/B/ICE_C.wav,390.25,394.16,3.91,Correct,7
15_RT,B_R,E18_../audio/B/Cone_B.wav,401.34,402.23,0.89,Correct,7
15_RT,B_R,E19_../audio/B/Mark_C.wav,411.11,415.67,4.56,Correct,7
15_RT,B_R,E20_../audio/B/BendR_C.wav,431.09,435.40,4.31,Correct,3
15_RT,B_R,E21_../audio/B/Cone_C.wav,446.36,450.01,3.65,Correct,7
15_RT,B_R,E22_../audio/B/Toad_P.wav,459.73,461.71,1.98,Correct,7
15_RT,B_R,E23_../audio/B/Constr_P.wav,482.07,485.03,2.96,Correct,7
15_RT,B_R,E24_../audio/B/Cone_B.wav,493.74,495.20,1.46,Correct,7
15_RT,B_R,E25_../audio/B/ICE_P.wav,509.20,510.71,1.51,Correct,7
15_RT,B_R,E26_../audio/B/Tar_PR.wav,528.91,535.77,6.86,Correct,4
15_RT,B_R,E27_../audio/B/Cone_A.wav,543.01,543.90,0.89,Correct,7
15_RT,B_L,E1_../audio/B/Duck_P.wav,68.74,70.55,1.81,Correct,7
15_RT,B_L,E2_../audio/B/Flood_PR.wav,81.02,85.71,4.69,Correct,7
15_RT,B_L,E3_../audio/B/Cone_D.wav,95.06,98.40,3.34,Correct,7
15_RT,B_L,E4_../audio/B/School_P.wav,103.64,108.06,4.42,Correct,7
15_RT,B_L,E5_../audio/B/Deer_C.wav,113.91,119.64,5.73,Incorrect,1
15_RT,B_L,E6_../audio/B/Cone_F.wav,125.77,127.48,1.71,Correct,7
15_RT,B_L,E7_../audio/B/Blind_P.wav,134.88,136.65,1.77,Correct,7
15_RT,B_L,E1_../audio/B/Frost_C.wav,32.99,37.46,4.47,Correct,5
15_RT,B_L,E2_../audio/B/Cone_E.wav,47.25,49.83,2.58,Correct,7
15_RT,B_L,E3_../audio/B/Flood_C.wav,56.20,60.52,4.32,Correct,7
15_RT,B_L,E4_../audio/B/Duck_C.wav,68.69,72.29,3.60,Correct,7
15_RT,B_L,E5_../audio/B/Cone_D.wav,79.14,79.83,0.69,Correct,7
15_RT,B_L,E6_../audio/B/Deer_PR.wav,90.61,98.01,7.40,Incorrect,4
15_RT,B_L,E7_../audio/B/School_P.wav,104.74,106.88,2.14,Correct,7
15_RT,B_L,E8_../audio/B/Cone_F.wav,113.60,114.72,1.12,Correct,7
15_RT,B_L,E9_../audio/B/Frost_PR.wav,123.27,129.16,5.89,Correct,6
15_RT,B_L,E10_../audio/B/Blind_PR.wav,138.34,143.52,5.18,Correct,7
15_RT,B_L,E11_../audio/B/Cone_F.wav,151.27,153.73,2.46,Correct,6
15_RT,B_L,E12_../audio/B/Duck_P.wav,181.39,183.24,1.85,Correct,7
15_RT,B_L,E13_../audio/B/Flood_PR.wav,195.61,201.53,5.92,Correct,7
15_RT,B_L,E14_../audio/B/Cone_D.wav,209.41,211.21,1.80,Correct,7
15_RT,B_L,E15_../audio/B/School_C.wav,216.25,222.90,6.65,Correct,7
15_RT,B_L,E16_../audio/B/Deer_P.wav,228.15,232.83,4.68,Correct,3
15_RT,B_L,E17_../audio/B/Cone_E.wav,243.24,343.67,2.40,Correct,3
15_RT,B_L,E18_../audio/B/Blind_P.wav,386.35,388.95,2.60,Correct,7
15_RT,B_L,E19_../audio/B/Frost_P.wav,403.20,404.65,1.45,Correct,7
15_RT,B_L,E20_../audio/B/Cone_D.wav,411.88,414.35,2.47,Correct,7
15_RT,C_R,E1_../audio/C/Mark_C.wav,31.54,37.55,6.01,Correct,4
15_RT,C_R,E2_../audio/C/BendR_C.wav,73.95,78.14,4.19,Correct,7
15_RT,C_R,E3_../audio/C/Cone_C.wav,106.05,109.43,3.38,Correct,2
15_RT,C_R,E4_../audio/C/Toad_PR.wav,135.03,138.28,3.25,Correct,6
15_RT,C_R,E5_../audio/C/Constr_PR.wav,171.70,177.98,6.28,Correct,6
15_RT,C_R,E6_../audio/C/Cone_A.wav,193.78,196.07,2.29,Correct,1
15_RT,C_R,E7_../audio/C/ICE_PR.wav,225.07,228.48,3.41,Correct,3
15_RT,C_R,E8_../audio/C/Tar_C.wav,257.51,263.01,5.50,Correct,3
15_RT,C_R,E9_../audio/C/Cone_C.wav,291.32,293.98,2.66,Correct,6
15_RT,C_R,E10_../audio/C/BendR_PR.wav,311.75,316.84,5.09,Incorrect,1
15_RT,C_R,E11_../audio/C/Mark_P.wav,350.08,353.90,3.82,Correct,6
15_RT,C_R,E12_../audio/C/Cone_B.wav,374.95,380.00,5.05,Correct,6
15_RT,C_R,E13_../audio/C/Constr_C.wav,403.48,408.67,5.19,Correct,6
15_RT,C_R,E14_../audio/C/Toad_P.wav,436.15,438.01,1.86,Correct,7
15_RT,C_R,E15_../audio/C/Cone_A.wav,456.17,458.62,2.45,Correct,6
15_RT,C_R,E16_../audio/C/Tar_PR.wav,487.52,492.69,5.17,Correct,5
15_RT,C_R,E17_../audio/C/ICE_P.wav,517.95,520.13,2.18,Correct,7
15_RT,C_R,E18_../audio/C/Cone_C.wav,539.52,542.24,2.72,Correct,3
15_RT,C_R,E19_../audio/C/Mark_PR.wav,567.84,572.85,5.01,Correct,6
15_RT,C_R,E20_../audio/C/BendR_P.wav,596.18,600.39,4.21,Correct,6
15_RT,C_R,E21_../audio/C/Cone_B.wav,625.66,628.01,2.35,Correct,5
15_RT,C_R,E22_../audio/C/Toad_C.wav,648.75,652.56,3.81,Correct,7
15_RT,C_R,E23_../audio/C/Constr_P.wav,680.22,684.70,4.48,Correct,7
15_RT,C_R,E24_../audio/C/Cone_A.wav,701.32,702.61,1.29,Correct,6
15_RT,C_R,E25_../audio/C/ICE_C.wav,725.77,729.03,3.26,Correct,7
15_RT,C_R,E26_../audio/C/Tar_P.wav,753.12,756.37,3.25,Correct,6
15_RT,C_R,E27_../audio/C/Cone_C.wav,772.01,774.72,2.71,Correct,4
15_RT,C_L,E1_../audio/C/Duck_C.wav,21.59,24.46,2.87,Correct,7
15_RT,C_L,E2_../audio/C/Flood_P.wav,50.42,53.55,3.13,Correct,6
15_RT,C_L,E3_../audio/C/Cone_F.wav,71.32,73.04,1.72,Correct,2
15_RT,C_L,E4_../audio/C/School_PR.wav,94.03,99.26,5.23,Correct,6
15_RT,C_L,E5_../audio/C/Deer_C.wav,124.01,126.83,2.82,Correct,7
15_RT,C_L,E6_../audio/C/Cone_D.wav,142.29,144.52,2.23,Correct,5
15_RT,C_L,E7_../audio/C/Blind_P.wav,167.45,170.24,2.79,Correct,6
15_RT,C_L,E8_../audio/C/Frost_P.wav,192.78,194.90,2.12,Correct,6
15_RT,C_L,E9_../audio/C/Cone_D.wav,217.05,219.13,2.08,Correct,5
15_RT,C_L,E10_../audio/C/Flood_P.wav,237.01,239.75,2.74,Correct,7
15_RT,C_L,E11_../audio/C/Duck_P.wav,263.35,264.92,1.57,Correct,7
15_RT,C_L,E12_../audio/C/Cone_F.wav,348.70,352.35,3.65,Incorrect,2
15_RT,C_L,E13_../audio/C/Deer_P.wav,384.45,387.02,2.57,Correct,6
15_RT,C_L,E14_../audio/C/School_C.wav,411.34,414.53,3.19,Correct,7
15_RT,C_L,E15_../audio/C/Cone_E.wav,441.65,447.86,6.21,Incorrect,1
15_RT,C_L,E16_../audio/C/Frost_C.wav,462.04,464.82,2.78,Correct,6
15_RT,C_L,E17_../audio/C/Blind_C.wav,494.28,500.35,6.07,Incorrect,6
15_RT,C_L,E18_../audio/C/Cone_D.wav,523.76,526.01,2.25,Correct,5
15_RT,C_L,E19_../audio/C/Duck_PR.wav,540.63,543.11,2.48,Correct,7
15_RT,C_L,E20_../audio/C/Flood_C.wav,570.88,577.94,7.06,Correct,6
15_RT,C_L,E21_../audio/C/Cone_E.wav,596.27,598.10,1.83,Correct,5
15_RT,C_L,E22_../audio/C/School_PR.wav,621.42,634.43,13.01,Correct,1
15_RT,C_L,E23_../audio/C/Deer_C.wav,658.45,661.98,3.53,Correct,5
15_RT,C_L,E24_../audio/C/Cone_F.wav,677.52,683.07,5.55,Incorrect,3
15_RT,C_L,E25_../audio/C/Blind_P.wav,709.95,715.05,5.10,Incorrect,5
15_RT,C_L,E26_../audio/C/Frost_PR.wav,744.72,749.50,4.78,Correct,6
15_RT,C_L,E27_../audio/C/Cone_D.wav,781.22,782.48,1.26,Correct,5
16_OL,C_R,E1_../audio/C/Mark_PR.wav,56.79,63.91,7.12,Correct,5
16_OL,C_R,E2_../audio/C/BendR_C.wav,96.43,100.03,3.60,Correct,6
16_OL,C_R,E3_../audio/C/Cone_A.wav,120.39,123.18,2.79,Incorrect,3
16_OL,C_R,E4_../audio/C/Toad_C.wav,150.32,158.82,8.50,Incorrect,5
16_OL,C_R,E5_../audio/C/Constr_PR.wav,188.99,191.91,2.92,Correct,6
16_OL,C_R,E6_../audio/C/Cone_C.wav,214.04,215.08,1.04,Correct,7
16_OL,C_R,E7_../audio/C/ICE_P.wav,237.17,238.35,1.18,Correct,7
16_OL,C_R,E8_../audio/C/Tar_P.wav,262.01,264.18,2.17,Correct,7
16_OL,C_R,E9_../audio/C/Cone_B.wav,291.22,293.92,2.70,Incorrect,3
16_OL,C_R,E10_../audio/C/BendR_P.wav,310.05,313.67,3.62,Incorrect,5
16_OL,C_R,E11_../audio/C/Mark_C.wav,341.46,347.65,6.19,Correct,6
16_OL,C_R,E12_../audio/C/Cone_C.wav,370.45,374.65,4.20,Correct,6
16_OL,C_R,E13_../audio/C/Constr_P.wav,393.77,395.38,1.61,Correct,5
16_OL,C_R,E14_../audio/C/Toad_P.wav,423.75,429.30,5.55,Incorrect,2
16_OL,C_R,E15_../audio/C/Cone_B.wav,452.45,453.95,1.50,Correct,7
16_OL,C_R,E16_../audio/C/Tar_C.wav,470.15,474.32,4.17,Correct,7
16_OL,C_R,E17_../audio/C/ICE_PR.wav,500.44,505.03,4.59,Correct,7
16_OL,C_R,E18_../audio/C/Cone_A.wav,526.14,528.45,2.31,Correct,3
16_OL,C_R,E19_../audio/C/Mark_P.wav,544.27,547.29,3.02,Correct,7
16_OL,C_R,E20_../audio/C/BendR_PR.wav,571.65,577.16,5.51,Correct,6
16_OL,C_R,E21_../audio/C/Cone_A.wav,602.05,604.06,2.01,Incorrect,6
16_OL,C_R,E22_../audio/C/Toad_PR.wav,623.14,630.83,7.69,Correct,2
16_OL,C_R,E23_../audio/C/Constr_C.wav,653.99,656.36,2.37,Correct,6
16_OL,C_R,E24_../audio/C/Cone_B.wav,678.74,680.21,1.47,Correct,7
16_OL,C_R,E25_../audio/C/ICE_C.wav,699.60,702.90,3.30,Correct,6
16_OL,C_R,E26_../audio/C/Tar_PR.wav,726.49,733.25,6.76,Correct,6
16_OL,C_R,E27_../audio/C/Cone_C.wav,759.35,761.99,2.64,Correct,7
16_OL,C_L,E1_../audio/C/Duck_PR.wav,70.22,73.14,2.92,Correct,3
16_OL,C_L,E2_../audio/C/Flood_P.wav,99.15,102.16,3.01,Correct,5
16_OL,C_L,E3_../audio/C/Cone_F.wav,122.00,125.06,3.06,Incorrect,2
16_OL,C_L,E4_../audio/C/School_P.wav,150.73,156.79,6.06,Correct,6
16_OL,C_L,E5_../audio/C/Deer_P.wav,186.72,187.96,1.24,Correct,7
16_OL,C_L,E6_../audio/C/Cone_E.wav,209.83,211.06,1.23,Correct,7
16_OL,C_L,E7_../audio/C/Blind_C.wav,225.70,234.55,8.85,Correct,6
16_OL,C_L,E8_../audio/C/Frost_C.wav,269.54,278.04,8.50,Correct,2
16_OL,C_L,E9_../audio/C/Cone_D.wav,299.91,301.61,1.70,Correct,7
16_OL,C_L,E10_../audio/C/Flood_PR.wav,320.30,325.88,5.58,Correct,6
16_OL,C_L,E11_../audio/C/Duck_C.wav,350.27,355.79,5.52,Correct,6
16_OL,C_L,E12_../audio/C/Cone_D.wav,376.41,377.61,1.20,Correct,7
16_OL,C_L,E13_../audio/C/Deer_C.wav,400.22,404.86,4.64,Correct,6
16_OL,C_L,E14_../audio/C/School_PR.wav,431.60,434.79,3.19,Correct,6
16_OL,C_L,E15_../audio/C/Cone_E.wav,459.56,463.39,3.83,Correct,5
16_OL,C_L,E16_../audio/C/Frost_PR.wav,477.86,489.06,11.20,Correct,5
16_OL,C_L,E17_../audio/C/Blind_P.wav,567.12,570.10,2.98,Incorrect,1
16_OL,C_L,E18_../audio/C/Cone_F.wav,585.16,586.25,1.09,Correct,2
16_OL,C_L,E19_../audio/C/Duck_P.wav,609.74,611.08,1.34,Correct,7
16_OL,C_L,E20_../audio/C/Flood_C.wav,633.05,642.81,9.76,Incorrect,5
16_OL,C_L,E21_../audio/C/Cone_F.wav,660.35,661.83,1.48,Correct,7
16_OL,C_L,E22_../audio/C/School_C.wav,678.73,691.73,13.00,Correct,7
16_OL,C_L,E23_../audio/C/Deer_PR.wav,713.91,718.51,4.60,Correct,6
16_OL,C_L,E24_../audio/C/Cone_D.wav,743.14,744.46,1.32,Correct,6
16_OL,C_L,E25_../audio/C/Blind_PR.wav,759.14,776.01,16.87,Correct,1
16_OL,C_L,E26_../audio/C/Frost_P.wav,799.97,803.05,3.08,Correct,1
16_OL,C_L,E27_../audio/C/Cone_E.wav,832.30,833.29,0.99,Correct,7
16_OL,B_R,E1_../audio/B/Mark_PR.wav,48.07,57.97,9.90,Correct,4
16_OL,B_R,E2_../audio/B/BendR_C.wav,66.42,68.28,1.86,Correct,7
16_OL,B_R,E3_../audio/B/Cone_A.wav,75.56,76.61,1.05,Correct,7
16_OL,B_R,E4_../audio/B/Toad_C.wav,87.77,93.74,5.97,Correct,1
16_OL,B_R,E5_../audio/B/Constr_P.wav,108.02,111.36,3.34,Correct,6
16_OL,B_R,E6_../audio/B/Cone_B.wav,119.89,120.90,1.01,Correct,7
16_OL,B_R,E7_../audio/B/ICE_PR.wav,135.04,140.44,5.40,Correct,6
16_OL,B_R,E8_../audio/B/Tar_C.wav,148.86,154.07,5.21,Correct,6
16_OL,B_R,E9_../audio/B/Cone_C.wav,164.99,166.03,1.04,Correct,7
16_OL,B_R,E10_../audio/B/BendR_P.wav,173.66,175.12,1.46,Correct,7
16_OL,B_R,E11_../audio/B/Mark_P.wav,189.49,193.03,3.54,Correct,7
16_OL,B_R,E12_../audio/B/Cone_C.wav,203.48,205.50,2.02,Correct,7
16_OL,B_R,E13_../audio/B/Constr_C.wav,211.13,214.63,3.50,Correct,7
16_OL,B_R,E14_../audio/B/Toad_PR.wav,230.61,232.98,2.37,Correct,6
16_OL,B_R,E15_../audio/B/Cone_B.wav,239.30,240.40,1.10,Correct,7
16_OL,B_R,E16_../audio/B/Tar_PR.wav,251.59,258.21,6.62,Correct,5
16_OL,B_R,E17_../audio/B/ICE_P.wav,269.72,270.75,1.03,Correct,7
16_OL,B_R,E18_../audio/B/Cone_A.wav,277.24,278.19,0.95,Correct,7
16_OL,B_R,E19_../audio/B/Mark_C.wav,289.51,294.37,4.86,Correct,5
16_OL,B_R,E20_../audio/B/BendR_PR.wav,308.57,312.92,4.35,Correct,5
16_OL,B_R,E21_../audio/B/Cone_C.wav,319.34,320.42,1.08,Correct,7
16_OL,B_R,E22_../audio/B/Toad_P.wav,325.87,327.90,2.03,Correct,2
16_OL,B_R,E23_../audio/B/Constr_PR.wav,342.19,344.67,2.48,Correct,5
16_OL,B_R,E24_../audio/B/Cone_A.wav,356.74,358.84,2.10,Correct,7
16_OL,B_R,E25_../audio/B/ICE_C.wav,364.31,367.62,3.31,Correct,5
16_OL,B_R,E26_../audio/B/Tar_P.wav,377.09,379.18,2.09,Correct,7
16_OL,B_R,E27_../audio/B/Cone_B.wav,385.67,387.13,1.46,Correct,6
16_OL,B_L,E1_../audio/B/Duck_PR.wav,39.30,40.75,1.45,Correct,5
16_OL,B_L,E2_../audio/B/Flood_PR.wav,55.13,57.82,2.69,Correct,6
16_OL,B_L,E3_../audio/B/Cone_D.wav,71.54,72.57,1.03,Correct,4
16_OL,B_L,E4_../audio/B/School_P.wav,79.25,81.76,2.51,Correct,4
16_OL,B_L,E5_../audio/B/Deer_C.wav,93.27,95.38,2.11,Correct,6
16_OL,B_L,E6_../audio/B/Cone_E.wav,110.28,110.92,0.64,Correct,4
16_OL,B_L,E7_../audio/B/Blind_C.wav,116.53,118.91,2.38,Correct,4
16_OL,B_L,E8_../audio/B/Frost_P.wav,133.78,135.63,1.85,Correct,7
16_OL,B_L,E9_../audio/B/Cone_F.wav,142.44,145.98,3.54,Correct,7
16_OL,B_L,E10_../audio/B/Flood_C.wav,155.06,159.10,4.04,Correct,6
16_OL,B_L,E11_../audio/B/Duck_C.wav,168.18,171.31,3.13,Correct,5
16_OL,B_L,E12_../audio/B/Cone_D.wav,187.23,188.98,1.75,Correct,7
16_OL,B_L,E13_../audio/B/Deer_P.wav,218.50,219.66,1.16,Correct,7
16_OL,B_L,E14_../audio/B/School_C.wav,233.01,237.18,4.17,Correct,7
16_OL,B_L,E15_../audio/B/Cone_E.wav,248.04,248.96,0.92,Correct,7
16_OL,B_L,E16_../audio/B/Frost_PR.wav,254.51,257.95,3.44,Correct,5
16_OL,B_L,E17_../audio/B/Blind_P.wav,272.68,274.00,1.32,Correct,7
16_OL,B_L,E18_../audio/B/Cone_F.wav,280.69,281.77,1.08,Correct,7
16_OL,B_L,E19_../audio/B/Duck_P.wav,292.99,294.10,1.11,Correct,7
16_OL,B_L,E20_../audio/B/Flood_P.wav,308.75,310.63,1.88,Correct,7
16_OL,B_L,E21_../audio/B/Cone_D.wav,319.36,321.30,1.94,Correct,7
16_OL,B_L,E22_../audio/B/School_PR.wav,330.04,332.03,1.99,Correct,6
16_OL,B_L,E23_../audio/B/Deer_PR.wav,346.14,353.78,7.64,Correct,2
16_OL,B_L,E24_../audio/B/Cone_F.wav,364.77,367.54,2.77,Correct,7
16_OL,B_L,E25_../audio/B/Blind_PR.wav,393.68,395.20,1.52,Correct,4
16_OL,B_L,E26_../audio/B/Frost_C.wav,432.38,436.57,4.19,Correct,4
16_OL,B_L,E27_../audio/B/Cone_E.wav,452.01,452.95,0.94,Correct,4
17_RT,B_R,E1_../audio/B/Mark_PR.wav,40.60,67.51,26.91,Incorrect,1
17_RT,B_R,E2_../audio/B/BendR_PR.wav,100.14,104.15,4.01,Correct,7
17_RT,B_R,E3_../audio/B/Cone_A.wav,111.91,113.65,1.74,Correct,7
17_RT,B_R,E4_../audio/B/Toad_P.wav,118.91,119.90,0.99,Correct,7
17_RT,B_R,E5_../audio/B/Constr_C.wav,129.83,132.52,2.69,Correct,7
17_RT,B_R,E6_../audio/B/Cone_C.wav,139.19,141.22,2.03,Correct,6
17_RT,B_R,E7_../audio/B/ICE_C.wav,150.80,153.87,3.07,Correct,7
17_RT,B_R,E8_../audio/B/Tar_C.wav,164.08,167.71,3.63,Correct,6
17_RT,B_R,E9_../audio/B/Cone_B.wav,175.53,177.03,1.50,Correct,7
17_RT,B_R,E10_../audio/B/BendR_P.wav,187.12,189.85,2.73,Correct,6
17_RT,B_R,E11_../audio/B/Mark_C.wav,199.86,212.83,12.97,Incorrect,1
17_RT,B_R,E12_../audio/B/Cone_C.wav,219.45,223.08,3.63,Correct,6
17_RT,B_R,E13_../audio/B/Constr_PR.wav,245.11,247.45,2.34,Correct,6
17_RT,B_R,E14_../audio/B/Toad_C.wav,256.43,258.45,2.02,Correct,7
17_RT,B_R,E15_../audio/B/Cone_B.wav,264.65,266.32,1.67,Correct,7
17_RT,B_R,E16_../audio/B/Tar_PR.wav,275.50,278.08,2.58,Correct,6
17_RT,B_R,E17_../audio/B/ICE_P.wav,288.69,289.50,0.81,Correct,7
17_RT,B_R,E18_../audio/B/Cone_A.wav,295.54,296.52,0.98,Correct,7
17_RT,B_R,E19_../audio/B/Mark_P.wav,306.78,310.11,3.33,Correct,7
17_RT,B_R,E20_../audio/B/BendR_C.wav,322.56,325.35,2.79,Correct,7
17_RT,B_R,E21_../audio/B/Cone_C.wav,333.22,334.28,1.06,Correct,7
17_RT,B_R,E22_../audio/B/Toad_PR.wav,340.54,341.60,1.06,Correct,7
17_RT,B_R,E23_../audio/B/Constr_P.wav,351.17,352.97,1.80,Correct,6
17_RT,B_R,E24_../audio/B/Cone_B.wav,364.27,365.51,1.24,Correct,7
17_RT,B_R,E25_../audio/B/ICE_PR.wav,373.47,380.80,7.33,Correct,7
17_RT,B_R,E26_../audio/B/Tar_P.wav,407.45,410.28,2.83,Correct,7
17_RT,B_R,E27_../audio/B/Cone_A.wav,426.61,428.70,2.09,Correct,6
17_RT,B_L,E1_../audio/B/Duck_PR.wav,35.36,36.67,1.31,Correct,7
17_RT,B_L,E2_../audio/B/Flood_P.wav,45.02,49.43,4.41,Correct,6
17_RT,B_L,E3_../audio/B/Cone_D.wav,57.30,59.68,2.38,Correct,7
17_RT,B_L,E4_../audio/B/School_PR.wav,68.21,77.89,9.68,Correct,7
17_RT,B_L,E5_../audio/B/Deer_PR.wav,102.75,104.43,1.68,Correct,7
17_RT,B_L,E6_../audio/B/Cone_F.wav,111.60,114.53,2.93,Correct,7
17_RT,B_L,E7_../audio/B/Blind_P.wav,120.67,125.96,5.29,Correct,5
17_RT,B_L,E8_../audio/B/Frost_PR.wav,131.66,134.82,3.16,Correct,7
17_RT,B_L,E9_../audio/B/Cone_E.wav,141.50,142.77,1.27,Correct,7
17_RT,B_L,E10_../audio/B/Flood_C.wav,169.00,175.65,6.65,Correct,4
17_RT,B_L,E11_../audio/B/Duck_C.wav,181.06,182.75,1.69,Correct,7
17_RT,B_L,E12_../audio/B/Cone_F.wav,189.80,190.90,1.10,Correct,7
17_RT,B_L,E13_../audio/B/Deer_P.wav,196.15,197.72,1.57,Correct,7
17_RT,B_L,E14_../audio/B/School_P.wav,209.09,211.76,2.67,Correct,7
17_RT,B_L,E15_../audio/B/Cone_D.wav,217.93,218.93,1.00,Correct,7
17_RT,B_L,E16_../audio/B/Frost_C.wav,226.60,230.13,3.53,Correct,6
17_RT,B_L,E17_../audio/B/Blind_C.wav,240.28,243.20,2.92,Correct,5
17_RT,B_L,E18_../audio/B/Cone_E.wav,249.78,252.28,2.50,Correct,6
17_RT,B_L,E19_../audio/B/Duck_P.wav,257.92,260.30,2.38,Correct,7
17_RT,B_L,E20_../audio/B/Flood_PR.wav,267.51,270.86,3.35,Correct,7
17_RT,B_L,E21_../audio/B/Cone_F.wav,276.95,278.40,1.45,Correct,6
17_RT,B_L,E22_../audio/B/School_C.wav,285.01,287.70,2.69,Correct,7
17_RT,B_L,E23_../audio/B/Deer_C.wav,295.34,296.75,1.41,Correct,7
17_RT,B_L,E24_../audio/B/Cone_E.wav,303.48,305.93,2.45,Correct,7
17_RT,B_L,E25_../audio/B/Blind_PR.wav,314.61,316.93,2.32,Correct,7
17_RT,B_L,E26_../audio/B/Frost_P.wav,323.11,324.02,0.91,Correct,7
17_RT,B_L,E27_../audio/B/Cone_D.wav,330.94,332.28,1.34,Correct,7
17_RT,C_R,E1_../audio/C/Mark_C.wav,47.12,60.08,12.96,Correct,7
17_RT,C_R,E2_../audio/C/BendR_C.wav,84.77,92.02,7.25,Correct,7
17_RT,C_R,E3_../audio/C/Cone_C.wav,113.70,116.64,2.94,Correct,5
17_RT,C_R,E4_../audio/C/Toad_PR.wav,138.49,139.94,1.45,Correct,7
17_RT,C_R,E5_../audio/C/Constr_C.wav,161.40,163.89,2.49,Correct,7
17_RT,C_R,E6_../audio/C/Cone_B.wav,178.25,180.46,2.21,Correct,7
17_RT,C_R,E7_../audio/C/ICE_P.wav,202.36,204.29,1.93,Correct,7
17_RT,C_R,E8_../audio/C/Tar_C.wav,221.89,224.25,2.36,Correct,7
17_RT,C_R,E9_../audio/C/Cone_A.wav,239.33,240.30,0.97,Correct,7
17_RT,C_R,E10_../audio/C/BendR_PR.wav,261.07,265.91,4.84,Correct,6
17_RT,C_R,E11_../audio/C/Mark_PR.wav,291.11,293.45,2.34,Correct,7
17_RT,C_R,E12_../audio/C/Cone_C.wav,309.60,314.90,5.30,Correct,5
17_RT,C_R,E13_../audio/C/Constr_PR.wav,334.77,337.65,2.88,Correct,6
17_RT,C_R,E14_../audio/C/Toad_C.wav,360.09,361.75,1.66,Correct,7
17_RT,C_R,E15_../audio/C/Cone_A.wav,376.91,379.10,2.19,Correct,4
17_RT,C_R,E16_../audio/C/Tar_PR.wav,399.96,401.93,1.97,Correct,7
17_RT,C_R,E17_../audio/C/ICE_PR.wav,424.63,428.08,3.45,Correct,5
17_RT,C_R,E18_../audio/C/Cone_B.wav,444.33,448.02,3.69,Correct,2
17_RT,C_R,E19_../audio/C/Mark_P.wav,464.60,469.23,4.63,Correct,6
17_RT,C_R,E20_../audio/C/BendR_P.wav,486.48,490.00,3.52,Correct,7
17_RT,C_R,E21_../audio/C/Cone_B.wav,507.04,508.84,1.80,Correct,7
17_RT,C_R,E22_../audio/C/Toad_P.wav,526.42,527.50,1.08,Correct,7
17_RT,C_R,E23_../audio/C/Constr_P.wav,547.64,549.24,1.60,Correct,7
17_RT,C_R,E24_../audio/C/Cone_C.wav,565.77,566.80,1.03,Correct,7
17_RT,C_R,E25_../audio/C/ICE_C.wav,585.54,587.77,2.23,Correct,7
17_RT,C_R,E26_../audio/C/Tar_P.wav,606.64,609.13,2.49,Correct,6
17_RT,C_R,E27_../audio/C/Cone_A.wav,623.67,625.10,1.43,Correct,7
17_RT,C_L,E1_../audio/C/Duck_C.wav,14.58,17.49,2.91,Correct,7
17_RT,C_L,E2_../audio/C/Flood_PR.wav,45.86,49.69,3.83,Correct,7
17_RT,C_L,E3_../audio/C/Cone_E.wav,64.64,65.95,1.31,Correct,7
17_RT,C_L,E4_../audio/C/School_C.wav,83.68,85.58,1.90,Correct,7
17_RT,C_L,E5_../audio/C/Deer_C.wav,115.18,123.50,8.32,Incorrect,1
17_RT,C_L,E6_../audio/C/Cone_F.wav,147.55,148.78,1.23,Correct,7
17_RT,C_L,E7_../audio/C/Blind_PR.wav,162.79,165.35,2.56,Correct,6
17_RT,C_L,E8_../audio/C/Frost_C.wav,186.42,189.98,3.56,Correct,5
17_RT,C_L,E9_../audio/C/Cone_D.wav,241.21,245.34,4.13,Correct,4
17_RT,C_L,E10_../audio/C/Flood_C.wav,261.17,266.42,5.25,Correct,5
17_RT,C_L,E11_../audio/C/Duck_P.wav,285.99,287.63,1.64,Correct,7
17_RT,C_L,E12_../audio/C/Cone_F.wav,303.56,305.11,1.55,Correct,7
17_RT,C_L,E13_../audio/C/Deer_P.wav,322.69,323.93,1.24,Correct,7
17_RT,C_L,E14_../audio/C/School_PR.wav,346.60,348.68,2.08,Correct,7
17_RT,C_L,E15_../audio/C/Cone_E.wav,364.34,365.85,1.51,Correct,7
17_RT,C_L,E16_../audio/C/Frost_PR.wav,385.33,391.13,5.80,Correct,6
17_RT,C_L,E17_../audio/C/Blind_P.wav,414.59,416.80,2.21,Correct,7
17_RT,C_L,E18_../audio/C/Cone_D.wav,432.18,435.05,2.87,Correct,6
17_RT,C_L,E19_../audio/C/Duck_PR.wav,451.74,452.65,0.91,Correct,7
17_RT,C_L,E20_../audio/C/Flood_P.wav,474.39,479.48,5.09,Correct,6
17_RT,C_L,E21_../audio/C/Cone_F.wav,495.76,498.12,2.36,Correct,5
17_RT,C_L,E22_../audio/C/School_P.wav,513.53,515.72,2.19,Correct,7
17_RT,C_L,E23_../audio/C/Deer_PR.wav,535.79,537.63,1.84,Correct,7
17_RT,C_L,E24_../audio/C/Cone_E.wav,557.53,561.55,4.02,Incorrect,3
17_RT,C_L,E25_../audio/C/Blind_C.wav,573.57,576.36,2.79,Correct,6
17_RT,C_L,E26_../audio/C/Frost_P.wav,598.06,600.69,2.63,Correct,7
17_RT,C_L,E27_../audio/C/Cone_D.wav,618.18,619.69,1.51,Correct,7
18_OL,C_R,E1_../audio/C/Mark_C.wav,46.22,51.30,5.08,Incorrect,7
18_OL,C_R,E2_../audio/C/BendR_C.wav,87.84,94.09,6.25,Correct,7
18_OL,C_R,E3_../audio/C/Cone_A.wav,118.31,121.16,2.85,Correct,3
18_OL,C_R,E4_../audio/C/Toad_PR.wav,146.13,161.20,15.07,Incorrect,2
18_OL,C_R,E5_../audio/C/Constr_P.wav,185.42,191.27,5.85,Correct,6
18_OL,C_R,E6_../audio/C/Cone_C.wav,217.42,218.08,0.66,Correct,6
18_OL,C_R,E7_../audio/C/ICE_P.wav,239.55,240.55,1.00,Correct,7
18_OL,C_R,E8_../audio/C/Tar_P.wav,266.48,273.58,7.10,Incorrect,7
18_OL,C_R,E9_../audio/C/Cone_B.wav,303.53,307.77,4.24,Incorrect,2
18_OL,C_R,E10_../audio/C/BendR_P.wav,324.87,335.43,10.56,Incorrect,3
18_OL,C_R,E11_../audio/C/Mark_PR.wav,363.57,367.44,3.87,Correct,6
18_OL,C_R,E12_../audio/C/Cone_B.wav,390.76,394.85,4.09,Correct,6
18_OL,C_R,E13_../audio/C/Constr_PR.wav,412.01,417.31,5.30,Correct,6
18_OL,C_R,E14_../audio/C/Toad_P.wav,440.68,443.04,2.36,Correct,6
18_OL,C_R,E15_../audio/C/Cone_A.wav,465.00,470.34,5.34,Incorrect,6
18_OL,C_R,E16_../audio/C/Tar_C.wav,484.39,486.90,2.51,Incorrect,5
18_OL,C_R,E17_../audio/C/ICE_PR.wav,511.80,522.74,10.94,Correct,6
18_OL,C_R,E18_../audio/C/Cone_C.wav,543.24,545.50,2.26,Correct,4
18_OL,C_R,E19_../audio/C/Mark_P.wav,560.52,564.37,3.85,Correct,4
18_OL,C_R,E20_../audio/C/BendR_PR.wav,586.23,591.24,5.01,Correct,6
18_OL,C_R,E21_../audio/C/Cone_C.wav,617.22,619.00,1.78,Correct,4
18_OL,C_R,E22_../audio/C/Toad_C.wav,633.56,635.17,1.61,Correct,5
18_OL,C_R,E23_../audio/C/Constr_C.wav,655.72,660.28,4.56,Correct,6
18_OL,C_R,E24_../audio/C/Cone_B.wav,679.89,681.24,1.35,Correct,3
18_OL,C_R,E25_../audio/C/ICE_C.wav,698.55,699.27,0.72,Incorrect,4
18_OL,C_R,E26_../audio/C/Tar_PR.wav,729.98,736.55,6.57,Incorrect,3
18_OL,C_R,E27_../audio/C/Cone_A.wav,750.72,752.08,1.36,Correct,4
18_OL,C_L,E1_../audio/C/Duck_C.wav,100.02,104.05,4.03,Correct,5
18_OL,C_L,E2_../audio/C/Flood_P.wav,136.52,137.82,1.30,Correct,6
18_OL,C_L,E3_../audio/C/Cone_E.wav,158.02,158.88,0.86,Correct,5
18_OL,C_L,E4_../audio/C/School_PR.wav,180.84,181.78,0.94,Correct,6
18_OL,C_L,E5_../audio/C/Deer_C.wav,206.03,207.90,1.87,Correct,6
18_OL,C_L,E6_../audio/C/Cone_F.wav,225.43,227.54,2.11,Correct,5
18_OL,C_L,E7_../audio/C/Blind_P.wav,250.19,254.09,3.90,Correct,5
18_OL,C_L,E8_../audio/C/Frost_P.wav,275.21,276.04,0.83,Correct,7
18_OL,C_L,E9_../audio/C/Cone_D.wav,296.54,298.52,1.98,Correct,5
18_OL,C_L,E10_../audio/C/Flood_PR.wav,317.83,326.40,8.57,Correct,6
18_OL,C_L,E11_../audio/C/Duck_P.wav,345.79,350.43,4.64,Incorrect,5
18_OL,C_L,E12_../audio/C/Cone_D.wav,366.50,367.47,0.97,Correct,5
18_OL,C_L,E13_../audio/C/Deer_P.wav,386.27,387.37,1.10,Correct,7
18_OL,C_L,E14_../audio/C/School_C.wav,409.10,411.53,2.43,Correct,6
18_OL,C_L,E15_../audio/C/Cone_E.wav,435.32,436.26,0.94,Correct,6
18_OL,C_L,E16_../audio/C/Frost_C.wav,450.24,451.37,1.13,Correct,6
18_OL,C_L,E17_../audio/C/Blind_C.wav,471.11,478.83,7.72,Incorrect,4
18_OL,C_L,E18_../audio/C/Cone_F.wav,494.24,495.34,1.10,Correct,5
18_OL,C_L,E19_../audio/C/Duck_PR.wav,511.13,514.48,3.35,Correct,5
18_OL,C_L,E20_../audio/C/Flood_C.wav,532.45,542.05,9.60,Incorrect,1
18_OL,C_L,E21_../audio/C/Cone_D.wav,561.05,562.60,1.55,Incorrect,3
18_OL,C_L,E22_../audio/C/School_P.wav,579.55,580.89,1.34,Correct,6
18_OL,C_L,E23_../audio/C/Deer_PR.wav,604.32,606.13,1.81,Correct,6
18_OL,C_L,E24_../audio/C/Cone_E.wav,626.91,628.32,1.41,Correct,6
18_OL,C_L,E25_../audio/C/Blind_PR.wav,644.89,651.56,6.67,Incorrect,5
18_OL,C_L,E26_../audio/C/Frost_PR.wav,673.04,678.76,5.72,Correct,6
18_OL,C_L,E27_../audio/C/Cone_F.wav,694.14,697.02,2.88,Correct,7
18_OL,B_R,E1_../audio/B/Mark_C.wav,42.72,45.89,3.17,Correct,6
18_OL,B_R,E2_../audio/B/BendR_P.wav,55.75,57.28,1.53,Correct,7
18_OL,B_R,E3_../audio/B/Cone_B.wav,64.55,66.23,1.68,Correct,7
18_OL,B_R,E4_../audio/B/Toad_P.wav,72.67,73.47,0.80,Correct,6
18_OL,B_R,E5_../audio/B/Constr_P.wav,84.36,85.30,0.94,Correct,7
18_OL,B_R,E6_../audio/B/Cone_A.wav,92.15,92.53,0.38,Correct,7
18_OL,B_R,E7_../audio/B/ICE_PR.wav,101.34,103.51,2.17,Correct,7
18_OL,B_R,E8_../audio/B/Tar_P.wav,110.11,135.17,25.06,Incorrect,7
18_OL,B_R,E9_../audio/B/Cone_C.wav,142.37,143.10,0.73,Correct,7
18_OL,B_R,E10_../audio/B/BendR_PR.wav,154.91,156.08,1.17,Correct,7
18_OL,B_R,E11_../audio/B/Mark_PR.wav,164.33,167.70,3.37,Correct,7
18_OL,B_R,E12_../audio/B/Cone_B.wav,173.56,174.50,0.94,Correct,7
18_OL,B_R,E13_../audio/B/Constr_PR.wav,198.61,201.38,2.77,Correct,7
18_OL,B_R,E14_../audio/B/Toad_C.wav,210.42,213.07,2.65,Correct,7
18_OL,B_R,E15_../audio/B/Cone_A.wav,219.26,219.80,0.54,Correct,7
18_OL,B_R,E16_../audio/B/Tar_C.wav,226.44,232.05,5.61,Incorrect,4
18_OL,B_R,E17_../audio/B/ICE_P.wav,241.43,242.53,1.10,Correct,7
18_OL,B_R,E18_../audio/B/Cone_C.wav,249.84,250.01,0.17,Correct,7
18_OL,B_R,E19_../audio/B/Mark_P.wav,256.23,257.93,1.70,Correct,7
18_OL,B_R,E20_../audio/B/BendR_C.wav,267.28,268.62,1.34,Correct,7
18_OL,B_R,E21_../audio/B/Cone_A.wav,274.97,275.94,0.97,Correct,7
18_OL,B_R,E22_../audio/B/Toad_PR.wav,295.09,296.36,1.27,Correct,7
18_OL,B_R,E23_../audio/B/Constr_C.wav,304.75,307.54,2.79,Correct,7
18_OL,B_R,E24_../audio/B/Cone_B.wav,313.38,314.00,0.62,Correct,7
18_OL,B_R,E25_../audio/B/ICE_C.wav,333.20,334.67,1.47,Correct,7
18_OL,B_R,E26_../audio/B/Tar_PR.wav,343.95,346.78,2.83,Incorrect,7
18_OL,B_R,E27_../audio/B/Cone_C.wav,354.74,355.12,0.38,Correct,7
18_OL,B_L,E1_../audio/B/Duck_P.wav,33.67,34.33,0.66,Correct,6
18_OL,B_L,E2_../audio/B/Flood_C.wav,44.16,46.62,2.46,Correct,6
18_OL,B_L,E3_../audio/B/Cone_E.wav,54.09,55.34,1.25,Correct,7
18_OL,B_L,E4_../audio/B/School_P.wav,74.35,75.68,1.33,Correct,7
18_OL,B_L,E5_../audio/B/Deer_PR.wav,88.23,89.70,1.47,Correct,7
18_OL,B_L,E6_../audio/B/Cone_D.wav,96.01,96.80,0.79,Correct,7
18_OL,B_L,E7_../audio/B/Blind_P.wav,104.40,106.28,1.88,Correct,6
18_OL,B_L,E8_../audio/B/Frost_C.wav,112.70,113.78,1.08,Correct,7
18_OL,B_L,E9_../audio/B/Cone_F.wav,123.24,124.10,0.86,Correct,6
18_OL,B_L,E10_../audio/B/Flood_PR.wav,146.58,148.96,2.38,Correct,6
18_OL,B_L,E11_../audio/B/Duck_C.wav,156.10,157.35,1.25,Correct,6
18_OL,B_L,E12_../audio/B/Cone_F.wav,165.55,166.32,0.77,Correct,7
18_OL,B_L,E13_../audio/B/Deer_P.wav,185.35,185.94,0.59,Correct,6
18_OL,B_L,E14_../audio/B/School_C.wav,193.86,195.08,1.22,Correct,7
18_OL,B_L,E15_../audio/B/Cone_D.wav,201.89,202.30,0.41,Correct,7
18_OL,B_L,E16_../audio/B/Frost_PR.wav,209.53,211.00,1.47,Correct,6
18_OL,B_L,E17_../audio/B/Blind_C.wav,231.71,233.39,1.68,Correct,7
18_OL,B_L,E18_../audio/B/Cone_E.wav,241.69,242.67,0.98,Correct,6
18_OL,B_L,E19_../audio/B/Duck_PR.wav,258.03,258.50,0.47,Correct,6
18_OL,B_L,E20_../audio/B/Flood_P.wav,266.88,270.26,3.38,Correct,4
18_OL,B_L,E21_../audio/B/Cone_D.wav,277.46,280.02,2.56,Correct,4
18_OL,B_L,E22_../audio/B/School_PR.wav,298.02,301.73,3.71,Correct,6
18_OL,B_L,E23_../audio/B/Deer_C.wav,318.25,320.24,1.99,Correct,7
18_OL,B_L,E24_../audio/B/Cone_F.wav,329.68,330.09,0.41,Correct,7
18_OL,B_L,E25_../audio/B/Blind_PR.wav,345.92,347.73,1.81,Correct,7
18_OL,B_L,E26_../audio/B/Frost_P.wav,366.29,366.48,0.19,Correct,5
18_OL,B_L,E27_../audio/B/Cone_E.wav,375.53,376.24,0.71,Correct,7
19_RT,B_R,E1_../audio/B/Mark_C.wav,38.35,43.62,5.27,Correct,7
19_RT,B_R,E2_../audio/B/BendR_PR.wav,56.30,59.67,3.37,Correct,7
19_RT,B_R,E3_../audio/B/Cone_A.wav,68.17,69.18,1.01,Correct,7
19_RT,B_R,E4_../audio/B/Toad_PR.wav,100.00,100.58,0.58,Correct,7
19_RT,B_R,E5_../audio/B/Constr_PR.wav,112.99,116.51,3.52,Correct,7
19_RT,B_R,E6_../audio/B/Cone_B.wav,122.76,123.77,1.01,Correct,7
19_RT,B_R,E7_../audio/B/ICE_P.wav,131.45,132.43,0.98,Correct,7
19_RT,B_R,E8_../audio/B/Tar_PR.wav,143.03,152.50,9.47,Correct,7
19_RT,B_R,E9_../audio/B/Cone_C.wav,162.52,163.74,1.22,Correct,7
19_RT,B_R,E10_../audio/B/BendR_P.wav,196.63,201.46,4.83,Correct,7
19_RT,B_R,E11_../audio/B/Mark_P.wav,209.35,214.08,4.73,Correct,5
19_RT,B_R,E12_../audio/B/Cone_B.wav,224.43,225.33,0.90,Correct,7
19_RT,B_R,E13_../audio/B/Constr_P.wav,254.37,256.16,1.79,Correct,7
19_RT,B_R,E14_../audio/B/Toad_C.wav,266.69,270.68,3.99,Correct,7
19_RT,B_R,E15_../audio/B/Cone_A.wav,279.18,280.52,1.34,Correct,6
19_RT,B_R,E16_../audio/B/Tar_P.wav,310.81,313.09,2.28,Correct,7
19_RT,B_R,E17_../audio/B/ICE_C.wav,325.97,328.59,2.62,Correct,7
19_RT,B_R,E18_../audio/B/Cone_C.wav,341.19,341.81,0.62,Correct,7
19_RT,B_R,E19_../audio/B/Mark_PR.wav,367.30,370.42,3.12,Correct,3
19_RT,B_R,E20_../audio/B/BendR_C.wav,404.59,409.54,4.95,Incorrect,7
19_RT,B_R,E21_../audio/B/Cone_A.wav,416.86,417.38,0.52,Correct,7
19_RT,B_R,E22_../audio/B/Toad_P.wav,444.00,445.16,1.16,Correct,7
19_RT,B_R,E23_../audio/B/Constr_C.wav,453.81,456.06,2.25,Correct,7
19_RT,B_R,E24_../audio/B/Cone_B.wav,463.50,463.98,0.48,Correct,7
19_RT,B_R,E25_../audio/B/ICE_PR.wav,473.27,474.45,1.18,Correct,7
19_RT,B_R,E26_../audio/B/Tar_C.wav,502.54,508.47,5.93,Incorrect,7
19_RT,B_R,E27_../audio/B/Cone_C.wav,515.65,521.29,5.64,Correct,5
19_RT,B_L,E1_../audio/B/Duck_P.wav,41.28,42.53,1.25,Correct,7
19_RT,B_L,E2_../audio/B/Flood_P.wav,54.52,58.43,3.91,Correct,7
19_RT,B_L,E3_../audio/B/Cone_E.wav,66.49,68.25,1.76,Correct,7
19_RT,B_L,E4_../audio/B/School_PR.wav,76.17,80.09,3.92,Correct,7
19_RT,B_L,E5_../audio/B/Deer_PR.wav,89.14,91.16,2.02,Correct,7
19_RT,B_L,E6_../audio/B/Cone_F.wav,98.32,101.68,3.36,Correct,7
19_RT,B_L,E7_../audio/B/Blind_C.wav,133.93,144.49,10.56,Correct,1
19_RT,B_L,E8_../audio/B/Frost_C.wav,175.29,186.24,10.95,Correct,1
19_RT,B_L,E9_../audio/B/Cone_D.wav,195.92,196.94,1.02,Correct,7
19_RT,B_L,E10_../audio/B/Flood_C.wav,220.50,223.80,3.30,Correct,7
19_RT,B_L,E11_../audio/B/Duck_C.wav,233.18,241.20,8.02,Correct,7
19_RT,B_L,E12_../audio/B/Cone_F.wav,249.11,249.45,0.34,Correct,7
19_RT,B_L,E13_../audio/B/Deer_P.wav,271.26,272.35,1.09,Correct,7
19_RT,B_L,E14_../audio/B/School_P.wav,284.73,286.20,1.47,Correct,7
19_RT,B_L,E15_../audio/B/Cone_E.wav,294.70,295.62,0.92,Correct,7
19_RT,B_L,E16_../audio/B/Frost_P.wav,302.58,304.09,1.51,Correct,7
19_RT,B_L,E17_../audio/B/Blind_P.wav,313.87,314.70,0.83,Correct,7
19_RT,B_L,E18_../audio/B/Cone_D.wav,323.24,325.81,2.57,Correct,7
19_RT,B_L,E19_../audio/B/Duck_PR.wav,353.19,354.06,0.87,Correct,7
19_RT,B_L,E20_../audio/B/Flood_PR.wav,365.50,369.18,3.68,Correct,7
19_RT,B_L,E21_../audio/B/Cone_D.wav,376.31,377.30,0.99,Correct,7
19_RT,B_L,E22_../audio/B/School_C.wav,384.13,388.98,4.85,Correct,7
19_RT,B_L,E23_../audio/B/Deer_C.wav,397.78,401.50,3.72,Correct,7
19_RT,B_L,E24_../audio/B/Cone_F.wav,410.26,410.71,0.45,Correct,7
19_RT,B_L,E25_../audio/B/Blind_PR.wav,419.93,423.44,3.51,Correct,7
19_RT,B_L,E26_../audio/B/Frost_PR.wav,432.25,436.09,3.84,Correct,3
19_RT,B_L,E27_../audio/B/Cone_E.wav,446.34,447.84,1.50,Correct,7
19_RT,C_R,E1_../audio/C/Mark_C.wav,51.98,56.78,4.80,Correct,7
19_RT,C_R,E2_../audio/C/BendR_PR.wav,90.31,102.27,11.96,Correct,5
19_RT,C_R,E3_../audio/C/Cone_C.wav,125.46,135.69,10.23,Incorrect,1
19_RT,C_R,E4_../audio/C/Toad_P.wav,157.06,167.25,10.19,Incorrect,1
19_RT,C_R,E5_../audio/C/Constr_PR.wav,191.80,195.10,3.30,Correct,7
19_RT,C_R,E6_../audio/C/Cone_A.wav,218.45,220.21,1.76,Correct,4
19_RT,C_R,E7_../audio/C/ICE_P.wav,239.13,240.59,1.46,Correct,7
19_RT,C_R,E8_../audio/C/Tar_C.wav,263.04,267.62,4.58,Correct,7
19_RT,C_R,E9_../audio/C/Cone_B.wav,287.63,289.21,1.58,Incorrect,7
19_RT,C_R,E10_../audio/C/BendR_C.wav,305.70,310.39,4.69,Correct,4
19_RT,C_R,E11_../audio/C/Mark_PR.wav,336.96,345.91,8.95,Correct,4
19_RT,C_R,E12_../audio/C/Cone_B.wav,365.34,368.43,3.09,Incorrect,3
19_RT,C_R,E13_../audio/C/Constr_C.wav,384.42,389.53,5.11,Correct,7
19_RT,C_R,E14_../audio/C/Toad_PR.wav,410.93,411.55,0.62,Correct,7
19_RT,C_R,E15_../audio/C/Cone_C.wav,429.06,429.49,0.43,Correct,7
19_RT,C_R,E16_../audio/C/Tar_PR.wav,448.87,453.12,4.25,Correct,7
19_RT,C_R,E17_../audio/C/ICE_C.wav,476.54,480.08,3.54,Correct,7
19_RT,C_R,E18_../audio/C/Cone_A.wav,496.24,497.08,0.84,Correct,7
19_RT,C_R,E19_../audio/C/Mark_P.wav,515.96,520.09,4.13,Correct,6
19_RT,C_R,E20_../audio/C/BendR_P.wav,541.62,547.29,5.67,Correct,5
19_RT,C_R,E21_../audio/C/Cone_B.wav,565.81,566.37,0.56,Correct,5
19_RT,C_R,E22_../audio/C/Toad_C.wav,585.65,589.74,4.09,Correct,7
19_RT,C_R,E23_../audio/C/Constr_P.wav,611.74,614.49,2.75,Correct,7
19_RT,C_R,E24_../audio/C/Cone_C.wav,630.15,632.97,2.82,Incorrect,5
19_RT,C_R,E25_../audio/C/ICE_PR.wav,661.78,666.16,4.38,Correct,7
19_RT,C_R,E26_../audio/C/Tar_P.wav,684.09,689.18,5.09,Incorrect,5
19_RT,C_R,E27_../audio/C/Cone_A.wav,721.48,728.18,6.70,Incorrect,4
19_RT,C_L,E1_../audio/C/Duck_PR.wav,27.27,28.47,1.20,Correct,7
19_RT,C_L,E2_../audio/C/Flood_PR.wav,51.67,55.07,3.40,Incorrect,1
19_RT,C_L,E3_../audio/C/Cone_E.wav,71.06,73.99,2.93,Incorrect,7
19_RT,C_L,E4_../audio/C/School_C.wav,94.97,98.62,3.65,Correct,7
19_RT,C_L,E5_../audio/C/Deer_PR.wav,124.84,130.06,5.22,Incorrect,1
19_RT,C_L,E6_../audio/C/Cone_D.wav,144.74,145.77,1.03,Correct,5
19_RT,C_L,E7_../audio/C/Blind_P.wav,165.65,167.55,1.90,Correct,7
19_RT,C_L,E8_../audio/C/Frost_C.wav,190.10,200.94,10.84,Correct,4
19_RT,C_L,E9_../audio/C/Cone_F.wav,219.35,224.25,4.90,Correct,4
19_RT,C_L,E10_../audio/C/Flood_C.wav,240.49,242.51,2.02,Correct,7
19_RT,C_L,E11_../audio/C/Duck_P.wav,264.49,266.00,1.51,Correct,7
19_RT,C_L,E12_../audio/C/Cone_F.wav,304.46,306.34,1.88,Incorrect,5
19_RT,C_L,E13_../audio/C/Deer_P.wav,324.49,324.95,0.46,Correct,7
19_RT,C_L,E14_../audio/C/School_PR.wav,347.15,350.62,3.47,Correct,7
19_RT,C_L,E15_../audio/C/Cone_E.wav,365.77,373.58,7.81,Correct,7
19_RT,C_L,E16_../audio/C/Frost_P.wav,391.17,393.21,2.04,Correct,7
19_RT,C_L,E17_../audio/C/Blind_PR.wav,412.39,418.18,5.79,Correct,2
19_RT,C_L,E18_../audio/C/Cone_D.wav,436.90,438.21,1.31,Incorrect,6
19_RT,C_L,E19_../audio/C/Duck_C.wav,454.99,457.19,2.20,Incorrect,7
19_RT,C_L,E20_../audio/C/Flood_P.wav,479.87,491.31,11.44,Correct,4
19_RT,C_L,E21_../audio/C/Cone_D.wav,514.35,515.84,1.49,Correct,5
19_RT,C_L,E22_../audio/C/School_P.wav,534.65,536.32,1.67,Correct,7
19_RT,C_L,E23_../audio/C/Deer_C.wav,557.37,558.98,1.61,Correct,7
19_RT,C_L,E24_../audio/C/Cone_E.wav,576.67,577.29,0.62,Correct,7
19_RT,C_L,E25_../audio/C/Blind_C.wav,592.96,598.16,5.20,Correct,3
19_RT,C_L,E26_../audio/C/Frost_PR.wav,623.00,626.92,3.92,Correct,6
19_RT,C_L,E27_../audio/C/Cone_F.wav,647.19,650.04,2.85,Correct,7
20_OL,C_R,E1_../audio/C/Mark_PR.wav,50.71,60.85,10.14,Correct,5
20_OL,C_R,E2_../audio/C/BendR_PR.wav,93.91,100.83,6.92,Correct,6
20_OL,C_R,E3_../audio/C/Cone_A.wav,122.61,128.09,5.48,Correct,2
20_OL,C_R,E4_../audio/C/Toad_PR.wav,147.50,162.31,14.81,Correct,7
20_OL,C_R,E5_../audio/C/Constr_C.wav,186.36,192.41,6.05,Correct,6
20_OL,C_R,E6_../audio/C/Cone_B.wav,215.21,217.59,2.38,Correct,2
20_OL,C_R,E7_../audio/C/ICE_PR.wav,241.78,246.18,4.40,Correct,6
20_OL,C_R,E8_../audio/C/Tar_PR.wav,275.05,278.47,3.42,Correct,7
20_OL,C_R,E9_../audio/C/Cone_C.wav,302.39,304.67,2.28,Correct,3
20_OL,C_R,E10_../audio/C/BendR_C.wav,323.23,328.39,5.16,Correct,7
20_OL,C_R,E11_../audio/C/Mark_C.wav,351.08,355.67,4.59,Incorrect,1
20_OL,C_R,E12_../audio/C/Cone_A.wav,376.88,379.94,3.06,Correct,2
20_OL,C_R,E13_../audio/C/Constr_P.wav,416.44,426.51,10.07,Incorrect,1
20_OL,C_R,E14_../audio/C/Toad_C.wav,448.10,449.96,1.86,Correct,7
20_OL,C_R,E15_../audio/C/Cone_C.wav,470.65,472.05,1.40,Correct,5
20_OL,C_R,E16_../audio/C/Tar_C.wav,495.71,499.86,4.15,Correct,5
20_OL,C_R,E17_../audio/C/ICE_C.wav,532.04,538.93,6.89,Correct,5
20_OL,C_R,E18_../audio/C/Cone_B.wav,559.09,562.29,3.20,Incorrect,2
20_OL,C_R,E19_../audio/C/Mark_P.wav,584.13,592.27,8.14,Correct,5
20_OL,C_R,E20_../audio/C/BendR_P.wav,617.67,619.97,2.30,Correct,6
20_OL,C_R,E21_../audio/C/Cone_A.wav,643.88,650.77,6.89,Incorrect,1
20_OL,C_R,E22_../audio/C/Toad_P.wav,668.70,671.24,2.54,Correct,7
20_OL,C_R,E23_../audio/C/Constr_PR.wav,693.70,704.97,11.27,Incorrect,1
20_OL,C_R,E24_../audio/C/Cone_C.wav,727.51,730.66,3.15,Correct,2
20_OL,C_R,E25_../audio/C/ICE_P.wav,754.03,755.85,1.82,Correct,6
20_OL,C_R,E26_../audio/C/Tar_P.wav,779.64,783.20,3.56,Correct,5
20_OL,C_R,E27_../audio/C/Cone_B.wav,800.81,804.64,3.83,Incorrect,4
20_OL,C_L,E1_../audio/C/Duck_PR.wav,41.88,43.25,1.37,Correct,7
20_OL,C_L,E2_../audio/C/Flood_C.wav,66.13,68.99,2.86,Correct,7
20_OL,C_L,E3_../audio/C/Cone_D.wav,88.80,95.80,7.00,Incorrect,2
20_OL,C_L,E4_../audio/C/School_PR.wav,122.52,128.99,6.47,Correct,7
20_OL,C_L,E5_../audio/C/Deer_P.wav,152.59,154.52,1.93,Correct,7
20_OL,C_L,E6_../audio/C/Cone_E.wav,175.45,181.01,5.56,Correct,1
20_OL,C_L,E7_../audio/C/Blind_C.wav,200.26,203.36,3.10,Correct,6
20_OL,C_L,E8_../audio/C/Frost_P.wav,229.28,231.40,2.12,Correct,7
20_OL,C_L,E9_../audio/C/Cone_F.wav,249.96,252.12,2.16,Correct,5
20_OL,C_L,E10_../audio/C/Flood_PR.wav,269.78,276.41,6.63,Correct,5
20_OL,C_L,E11_../audio/C/Duck_C.wav,298.96,305.37,6.41,Correct,6
20_OL,C_L,E12_../audio/C/Cone_D.wav,331.87,334.63,2.76,Correct,5
20_OL,C_L,E13_../audio/C/Deer_C.wav,351.24,353.94,2.70,Correct,7
20_OL,C_L,E14_../audio/C/School_P.wav,376.65,379.48,2.83,Correct,6
20_OL,C_L,E15_../audio/C/Cone_E.wav,406.47,407.74,1.27,Correct,6
20_OL,C_L,E16_../audio/C/Frost_C.wav,424.26,426.34,2.08,Correct,7
20_OL,C_L,E17_../audio/C/Blind_PR.wav,456.39,462.55,6.16,Correct,7
20_OL,C_L,E18_../audio/C/Cone_F.wav,485.72,487.21,1.49,Correct,6
20_OL,C_L,E19_../audio/C/Duck_P.wav,501.92,503.79,1.87,Correct,7
20_OL,C_L,E20_../audio/C/Flood_P.wav,529.17,533.03,3.86,Correct,6
20_OL,C_L,E21_../audio/C/Cone_E.wav,553.59,555.08,1.49,Correct,7
20_OL,C_L,E22_../audio/C/School_C.wav,573.73,577.19,3.46,Correct,6
20_OL,C_L,E23_../audio/C/Deer_PR.wav,603.45,608.33,4.88,Correct,7
20_OL,C_L,E24_../audio/C/Cone_F.wav,635.64,638.04,2.40,Correct,6
20_OL,C_L,E25_../audio/C/Blind_P.wav,653.47,659.25,5.78,Incorrect,1
20_OL,C_L,E26_../audio/C/Frost_PR.wav,685.31,688.01,2.70,Correct,7
20_OL,C_L,E27_../audio/C/Cone_D.wav,709.15,714.90,5.75,Correct,3
20_OL,B_R,E1_../audio/B/Mark_P.wav,45.59,47.57,1.98,Correct,7
20_OL,B_R,E2_../audio/B/BendR_PR.wav,63.20,64.91,1.71,Correct,7
20_OL,B_R,E3_../audio/B/Cone_C.wav,72.16,72.58,0.42,Correct,7
20_OL,B_R,E4_../audio/B/Toad_C.wav,82.55,84.37,1.82,Correct,7
20_OL,B_R,E5_../audio/B/Constr_P.wav,96.90,98.83,1.93,Correct,7
20_OL,B_R,E6_../audio/B/Cone_B.wav,105.96,106.23,0.27,Correct,7
20_OL,B_R,E7_../audio/B/ICE_P.wav,116.14,116.88,0.74,Correct,7
20_OL,B_R,E8_../audio/B/Tar_P.wav,129.01,130.60,1.59,Correct,7
20_OL,B_R,E9_../audio/B/Cone_A.wav,136.92,139.00,2.08,Correct,7
20_OL,B_R,E10_../audio/B/BendR_C.wav,147.19,147.98,0.79,Correct,7
20_OL,B_R,E11_../audio/B/Mark_PR.wav,159.71,165.09,5.38,Correct,7
20_OL,B_R,E12_../audio/B/Cone_A.wav,172.12,173.60,1.48,Correct,7
20_OL,B_R,E13_../audio/B/Constr_PR.wav,181.87,185.20,3.33,Correct,7
20_OL,B_R,E14_../audio/B/Toad_P.wav,191.68,192.71,1.03,Correct,7
20_OL,B_R,E15_../audio/B/Cone_B.wav,200.53,201.90,1.37,Correct,7
20_OL,B_R,E16_../audio/B/Tar_C.wav,207.53,209.40,1.87,Correct,7
20_OL,B_R,E17_../audio/B/ICE_PR.wav,223.56,227.91,4.35,Correct,7
20_OL,B_R,E18_../audio/B/Cone_C.wav,234.32,235.38,1.06,Correct,7
20_OL,B_R,E19_../audio/B/Mark_C.wav,241.00,244.07,3.07,Correct,7
20_OL,B_R,E20_../audio/B/BendR_P.wav,255.62,257.21,1.59,Correct,7
20_OL,B_R,E21_../audio/B/Cone_A.wav,264.68,266.80,2.12,Correct,7
20_OL,B_R,E22_../audio/B/Toad_PR.wav,274.43,275.72,1.29,Correct,7
20_OL,B_R,E23_../audio/B/Constr_C.wav,285.01,286.86,1.85,Correct,7
20_OL,B_R,E24_../audio/B/Cone_B.wav,293.86,294.83,0.97,Correct,7
20_OL,B_R,E25_../audio/B/ICE_C.wav,301.78,303.00,1.22,Correct,7
20_OL,B_R,E26_../audio/B/Tar_PR.wav,313.96,315.78,1.82,Correct,7
20_OL,B_R,E27_../audio/B/Cone_C.wav,323.10,324.62,1.52,Correct,7
20_OL,B_L,E1_../audio/B/Duck_C.wav,32.58,33.80,1.22,Correct,7
20_OL,B_L,E2_../audio/B/Flood_P.wav,45.30,47.28,1.98,Correct,7
20_OL,B_L,E3_../audio/B/Cone_E.wav,54.66,55.20,0.54,Correct,7
20_OL,B_L,E4_../audio/B/School_C.wav,62.71,64.84,2.13,Correct,7
20_OL,B_L,E5_../audio/B/Deer_P.wav,76.10,77.46,1.36,Correct,7
20_OL,B_L,E6_../audio/B/Cone_F.wav,84.34,84.52,0.18,Correct,7
20_OL,B_L,E7_../audio/B/Blind_PR.wav,98.17,100.81,2.64,Correct,7
20_OL,B_L,E8_../audio/B/Frost_P.wav,110.34,111.32,0.98,Correct,7
20_OL,B_L,E9_../audio/B/Cone_D.wav,118.69,119.28,0.59,Correct,7
20_OL,B_L,E10_../audio/B/Flood_C.wav,126.42,130.41,3.99,Correct,7
20_OL,B_L,E11_../audio/B/Duck_PR.wav,140.71,141.90,1.19,Correct,7
20_OL,B_L,E12_../audio/B/Cone_E.wav,149.37,151.13,1.76,Correct,7
20_OL,B_L,E13_../audio/B/Deer_PR.wav,159.34,162.16,2.82,Correct,6
20_OL,B_L,E14_../audio/B/School_P.wav,170.99,172.24,1.25,Correct,7
20_OL,B_L,E15_../audio/B/Cone_F.wav,179.19,180.80,1.61,Correct,7
20_OL,B_L,E16_../audio/B/Frost_PR.wav,187.34,189.58,2.24,Correct,7
20_OL,B_L,E17_../audio/B/Blind_P.wav,200.69,201.65,0.96,Correct,7
20_OL,B_L,E18_../audio/B/Cone_D.wav,209.89,210.75,0.86,Correct,7
20_OL,B_L,E19_../audio/B/Duck_P.wav,217.01,218.42,1.41,Correct,7
20_OL,B_L,E20_../audio/B/Flood_PR.wav,229.07,231.65,2.58,Correct,7
20_OL,B_L,E21_../audio/B/Cone_E.wav,238.80,239.70,0.90,Correct,7
20_OL,B_L,E22_../audio/B/School_PR.wav,247.86,250.45,2.59,Correct,7
20_OL,B_L,E23_../audio/B/Deer_C.wav,258.84,260.81,1.97,Correct,7
20_OL,B_L,E24_../audio/B/Cone_D.wav,267.70,269.40,1.70,Correct,7
20_OL,B_L,E25_../audio/B/Blind_C.wav,277.56,279.45,1.89,Correct,7
20_OL,B_L,E26_../audio/B/Frost_C.wav,290.22,291.33,1.11,Correct,7
20_OL,B_L,E27_../audio/B/Cone_F.wav,305.56,307.21,1.65,Correct,7
21_RT,B_R,E1_../audio/B/Mark_C.wav,33.81,37.60,3.79,Correct,7
21_RT,B_R,E2_../audio/B/BendR_P.wav,47.20,51.30,4.10,Correct,7
21_RT,B_R,E3_../audio/B/Cone_C.wav,61.99,63.27,1.28,Correct,7
21_RT,B_R,E4_../audio/B/Toad_P.wav,87.47,89.59,2.12,Correct,5
21_RT,B_R,E5_../audio/B/Constr_P.wav,98.90,100.98,2.08,Correct,7
21_RT,B_R,E6_../audio/B/Cone_B.wav,108.10,109.38,1.28,Correct,7
21_RT,B_R,E7_../audio/B/ICE_C.wav,117.19,119.57,2.38,Correct,7
21_RT,B_R,E8_../audio/B/Tar_C.wav,125.87,132.20,6.33,Correct,7
21_RT,B_R,E9_../audio/B/Cone_A.wav,140.23,140.70,0.47,Correct,7
21_RT,B_R,E10_../audio/B/BendR_PR.wav,162.17,167.64,5.47,Correct,7
21_RT,B_R,E11_../audio/B/Mark_PR.wav,195.43,200.70,5.27,Correct,7
21_RT,B_R,E12_../audio/B/Cone_B.wav,207.21,208.10,0.89,Correct,7
21_RT,B_R,E13_../audio/B/Constr_PR.wav,236.75,243.35,6.60,Correct,7
21_RT,B_R,E14_../audio/B/Toad_C.wav,249.67,254.58,4.91,Correct,7
21_RT,B_R,E15_../audio/B/Cone_C.wav,262.99,264.41,1.42,Correct,7
21_RT,B_R,E16_../audio/B/Tar_P.wav,283.39,285.57,2.18,Correct,7
21_RT,B_R,E17_../audio/B/ICE_P.wav,294.83,296.01,1.18,Correct,7
21_RT,B_R,E18_../audio/B/Cone_A.wav,304.41,305.48,1.07,Correct,7
21_RT,B_R,E19_../audio/B/Mark_P.wav,329.68,332.65,2.97,Correct,7
21_RT,B_R,E20_../audio/B/BendR_C.wav,339.88,341.55,1.67,Correct,7
21_RT,B_R,E21_../audio/B/Cone_C.wav,349.65,351.02,1.37,Correct,7
21_RT,B_R,E22_../audio/B/Toad_PR.wav,377.54,381.08,3.54,Correct,7
21_RT,B_R,E23_../audio/B/Constr_C.wav,387.40,390.61,3.21,Correct,7
21_RT,B_R,E24_../audio/B/Cone_B.wav,398.26,403.55,5.29,Correct,7
21_RT,B_R,E25_../audio/B/ICE_PR.wav,430.23,433.52,3.29,Correct,7
21_RT,B_R,E26_../audio/B/Tar_PR.wav,440.22,444.72,4.50,Correct,7
21_RT,B_R,E27_../audio/B/Cone_A.wav,454.91,456.20,1.29,Correct,7
21_RT,B_L,E1_../audio/B/Duck_C.wav,31.78,35.51,3.73,Correct,7
21_RT,B_L,E2_../audio/B/Flood_P.wav,43.86,46.41,2.55,Correct,7
21_RT,B_L,E3_../audio/B/Cone_F.wav,54.19,57.01,2.82,Correct,7
21_RT,B_L,E4_../audio/B/School_PR.wav,81.61,86.23,4.62,Correct,7
21_RT,B_L,E5_../audio/B/Deer_C.wav,91.99,99.31,7.32,Correct,7
21_RT,B_L,E6_../audio/B/Cone_D.wav,106.50,109.00,2.50,Correct,7
21_RT,B_L,E7_../audio/B/Blind_C.wav,124.21,127.09,2.88,Correct,7
21_RT,B_L,E8_../audio/B/Frost_PR.wav,134.95,138.30,3.35,Correct,7
21_RT,B_L,E9_../audio/B/Cone_E.wav,146.09,147.64,1.55,Correct,7
21_RT,B_L,E10_../audio/B/Flood_PR.wav,170.80,174.44,3.64,Correct,7
21_RT,B_L,E11_../audio/B/Duck_PR.wav,181.72,184.57,2.85,Correct,7
21_RT,B_L,E12_../audio/B/Cone_E.wav,194.04,196.38,2.34,Correct,7
21_RT,B_L,E13_../audio/B/Deer_P.wav,215.56,218.48,2.92,Correct,7
21_RT,B_L,E14_../audio/B/School_P.wav,226.00,227.53,1.53,Correct,7
21_RT,B_L,E15_../audio/B/Cone_F.wav,235.18,237.12,1.94,Correct,7
21_RT,B_L,E16_../audio/B/Frost_P.wav,260.41,262.20,1.79,Correct,7
21_RT,B_L,E17_../audio/B/Blind_P.wav,270.94,274.19,3.25,Correct,7
21_RT,B_L,E18_../audio/B/Cone_D.wav,284.02,284.67,0.65,Correct,7
21_RT,B_L,E19_../audio/B/Duck_P.wav,304.02,304.77,0.75,Correct,7
21_RT,B_L,E20_../audio/B/Flood_C.wav,314.15,316.76,2.61,Correct,7
21_RT,B_L,E21_../audio/B/Cone_E.wav,327.14,329.78,2.64,Correct,7
21_RT,B_L,E22_../audio/B/School_C.wav,346.17,351.03,4.86,Correct,7
21_RT,B_L,E23_../audio/B/Deer_PR.wav,357.47,358.98,1.51,Correct,7
21_RT,B_L,E24_../audio/B/Cone_F.wav,367.16,368.58,1.42,Correct,7
21_RT,B_L,E25_../audio/B/Blind_PR.wav,393.35,396.94,3.59,Correct,7
21_RT,B_L,E26_../audio/B/Frost_C.wav,420.54,425.25,4.71,Correct,7
21_RT,B_L,E27_../audio/B/Cone_D.wav,440.25,441.88,1.63,Correct,7
21_RT,C_R,E1_../audio/C/Mark_P.wav,28.70,32.83,4.13,Correct,6
21_RT,C_R,E2_../audio/C/BendR_PR.wav,56.31,59.15,2.84,Correct,7
21_RT,C_R,E3_../audio/C/Cone_B.wav,78.45,85.40,6.95,Incorrect,1
21_RT,C_R,E4_../audio/C/Toad_P.wav,101.12,102.67,1.55,Correct,5
21_RT,C_R,E5_../audio/C/Constr_C.wav,124.58,127.21,2.63,Correct,7
21_RT,C_R,E6_../audio/C/Cone_C.wav,143.62,147.40,3.78,Correct,5
21_RT,C_R,E7_../audio/C/ICE_C.wav,168.33,173.05,4.72,Correct,7
21_RT,C_R,E8_../audio/C/Tar_C.wav,190.45,195.02,4.57,Correct,7
21_RT,C_R,E9_../audio/C/Cone_A.wav,215.25,216.99,1.74,Correct,7
21_RT,C_R,E10_../audio/C/BendR_C.wav,230.84,243.51,12.67,Correct,7
21_RT,C_R,E11_../audio/C/Mark_PR.wav,269.55,274.14,4.59,Correct,7
21_RT,C_R,E12_../audio/C/Cone_A.wav,292.15,294.93,2.78,Correct,5
21_RT,C_R,E13_../audio/C/Constr_PR.wav,310.78,315.79,5.01,Correct,7
21_RT,C_R,E14_../audio/C/Toad_C.wav,336.80,341.68,4.88,Correct,7
21_RT,C_R,E15_../audio/C/Cone_B.wav,361.56,363.88,2.32,Incorrect,1
21_RT,C_R,E16_../audio/C/Tar_PR.wav,377.12,378.28,1.16,Incorrect,1
21_RT,C_R,E17_../audio/C/ICE_PR.wav,399.33,402.74,3.41,Correct,7
21_RT,C_R,E18_../audio/C/Cone_C.wav,422.75,425.56,2.81,Correct,3
21_RT,C_R,E19_../audio/C/Mark_C.wav,441.86,443.82,1.96,Incorrect,1
21_RT,C_R,E20_../audio/C/BendR_P.wav,461.20,463.70,2.50,Correct,7
21_RT,C_R,E21_../audio/C/Cone_B.wav,485.06,486.02,0.96,Correct,7
21_RT,C_R,E22_../audio/C/Toad_PR.wav,501.03,505.88,4.85,Correct,7
21_RT,C_R,E23_../audio/C/Constr_P.wav,523.21,524.55,1.34,Correct,7
21_RT,C_R,E24_../audio/C/Cone_A.wav,542.71,543.64,0.93,Correct,7
21_RT,C_R,E25_../audio/C/ICE_P.wav,558.35,559.59,1.24,Correct,7
21_RT,C_R,E26_../audio/C/Tar_P.wav,578.69,581.54,2.85,Correct,7
21_RT,C_R,E27_../audio/C/Cone_C.wav,599.80,601.54,1.74,Correct,6
21_RT,C_L,E1_../audio/C/Duck_P.wav,14.36,15.90,1.54,Correct,7
21_RT,C_L,E2_../audio/C/Flood_PR.wav,35.63,38.64,3.01,Incorrect,1
21_RT,C_L,E3_../audio/C/Cone_D.wav,57.22,59.10,1.88,Correct,3
21_RT,C_L,E4_../audio/C/School_C.wav,76.33,78.10,1.77,Correct,7
21_RT,C_L,E5_../audio/C/Deer_C.wav,107.16,110.65,3.49,Correct,7
21_RT,C_L,E6_../audio/C/Cone_F.wav,126.25,128.03,1.78,Correct,6
21_RT,C_L,E7_../audio/C/Blind_P.wav,142.87,144.33,1.46,Correct,7
21_RT,C_L,E8_../audio/C/Frost_C.wav,163.72,166.58,2.86,Correct,7
21_RT,C_L,E9_../audio/C/Cone_E.wav,185.57,186.55,0.98,Correct,7
21_RT,C_L,E10_../audio/C/Flood_P.wav,202.12,204.40,2.28,Correct,7
21_RT,C_L,E11_../audio/C/Duck_PR.wav,225.41,226.88,1.47,Correct,7
21_RT,C_L,E12_../audio/C/Cone_E.wav,244.87,246.46,1.59,Correct,6
21_RT,C_L,E13_../audio/C/Deer_P.wav,263.20,264.43,1.23,Correct,7
21_RT,C_L,E14_../audio/C/School_PR.wav,284.74,287.43,2.69,Correct,7
21_RT,C_L,E15_../audio/C/Cone_D.wav,304.90,307.06,2.16,Correct,4
21_RT,C_L,E16_../audio/C/Frost_PR.wav,325.58,328.45,2.87,Correct,7
21_RT,C_L,E17_../audio/C/Blind_C.wav,346.13,351.18,5.05,Correct,7
21_RT,C_L,E18_../audio/C/Cone_F.wav,368.42,369.60,1.18,Correct,7
21_RT,C_L,E19_../audio/C/Duck_C.wav,384.14,389.30,5.16,Correct,7
21_RT,C_L,E20_../audio/C/Flood_C.wav,412.35,416.69,4.34,Correct,7
21_RT,C_L,E21_../audio/C/Cone_F.wav,434.03,435.17,1.14,Correct,7
21_RT,C_L,E22_../audio/C/School_P.wav,450.31,452.05,1.74,Correct,7
21_RT,C_L,E23_../audio/C/Deer_PR.wav,469.29,471.49,2.20,Correct,5
21_RT,C_L,E24_../audio/C/Cone_D.wav,494.40,495.28,0.88,Correct,7
21_RT,C_L,E25_../audio/C/Blind_PR.wav,508.58,513.67,5.09,Incorrect,4
21_RT,C_L,E26_../audio/C/Frost_P.wav,537.92,539.12,1.20,Correct,7
21_RT,C_L,E27_../audio/C/Cone_E.wav,556.24,557.55,1.31,Correct,7
22_OL,C_R,E1_../audio/C/Mark_PR.wav,55.58,70.58,15.00,Correct,7
22_OL,C_R,E2_../audio/C/BendR_P.wav,113.36,116.54,3.18,Correct,7
22_OL,C_R,E3_../audio/C/Cone_A.wav,140.69,146.05,5.36,Correct,5
22_OL,C_R,E4_../audio/C/Toad_P.wav,182.35,183.35,1.00,Correct,7
22_OL,C_R,E5_../audio/C/Constr_PR.wav,212.02,222.10,10.08,Incorrect,5
22_OL,C_R,E6_../audio/C/Cone_B.wav,247.81,249.13,1.32,Correct,7
22_OL,C_R,E7_../audio/C/ICE_P.wav,273.38,274.71,1.33,Correct,7
22_OL,C_R,E8_../audio/C/Tar_C.wav,297.59,307.04,9.45,Correct,7
22_OL,C_R,E9_../audio/C/Cone_C.wav,341.33,346.47,5.14,Correct,6
22_OL,C_R,E10_../audio/C/BendR_PR.wav,364.97,393.75,28.78,Incorrect,5
22_OL,C_R,E11_../audio/C/Mark_C.wav,424.73,435.39,10.66,Correct,6
22_OL,C_R,E12_../audio/C/Cone_B.wav,461.66,462.55,0.89,Correct,7
22_OL,C_R,E13_../audio/C/Constr_P.wav,482.20,486.50,4.30,Correct,7
22_OL,C_R,E14_../audio/C/Toad_C.wav,512.80,519.39,6.59,Correct,6
22_OL,C_R,E15_../audio/C/Cone_C.wav,542.75,543.86,1.11,Correct,7
22_OL,C_R,E16_../audio/C/Tar_P.wav,562.65,565.36,2.71,Correct,6
22_OL,C_R,E17_../audio/C/ICE_PR.wav,594.32,599.51,5.19,Correct,6
22_OL,C_R,E18_../audio/C/Cone_A.wav,622.19,624.94,2.75,Correct,6
22_OL,C_R,E19_../audio/C/Mark_P.wav,639.27,643.09,3.82,Correct,6
22_OL,C_R,E20_../audio/C/BendR_C.wav,664.82,667.65,2.83,Correct,6
22_OL,C_R,E21_../audio/C/Cone_B.wav,692.91,693.92,1.01,Correct,7
22_OL,C_R,E22_../audio/C/Toad_PR.wav,709.94,712.16,2.22,Correct,7
22_OL,C_R,E23_../audio/C/Constr_C.wav,735.56,741.51,5.95,Correct,6
22_OL,C_R,E24_../audio/C/Cone_C.wav,763.43,765.60,2.17,Incorrect,4
22_OL,C_R,E25_../audio/C/ICE_C.wav,786.58,794.54,7.96,Correct,7
22_OL,C_R,E26_../audio/C/Tar_PR.wav,1074.74,1076.94,2.20,Correct,7
22_OL,C_R,E27_../audio/C/Cone_A.wav,1094.97,1096.77,1.80,Correct,7
22_OL,C_L,E1_../audio/C/Duck_C.wav,48.02,50.60,2.58,Correct,7
22_OL,C_L,E2_../audio/C/Flood_C.wav,82.09,86.70,4.61,Correct,6
22_OL,C_L,E3_../audio/C/Cone_F.wav,105.74,114.95,9.21,Correct,5
22_OL,C_L,E4_../audio/C/School_C.wav,138.95,142.39,3.44,Correct,7
22_OL,C_L,E5_../audio/C/Deer_P.wav,170.21,172.47,2.26,Correct,7
22_OL,C_L,E6_../audio/C/Cone_D.wav,190.43,191.99,1.56,Correct,7
22_OL,C_L,E7_../audio/C/Blind_P.wav,216.93,218.93,2.00,Correct,7
22_OL,C_L,E8_../audio/C/Frost_C.wav,243.80,248.92,5.12,Correct,6
22_OL,C_L,E9_../audio/C/Cone_E.wav,271.27,272.34,1.07,Correct,7
22_OL,C_L,E10_../audio/C/Flood_P.wav,290.33,294.92,4.59,Correct,6
22_OL,C_L,E11_../audio/C/Duck_P.wav,322.80,325.81,3.01,Correct,4
22_OL,C_L,E12_../audio/C/Cone_F.wav,354.50,355.81,1.31,Correct,7
22_OL,C_L,E13_../audio/C/Deer_C.wav,375.82,381.21,5.39,Correct,7
22_OL,C_L,E14_../audio/C/School_P.wav,410.21,414.52,4.31,Correct,5
22_OL,C_L,E15_../audio/C/Cone_D.wav,448.01,449.40,1.39,Correct,7
22_OL,C_L,E16_../audio/C/Frost_PR.wav,497.80,502.68,4.88,Correct,7
22_OL,C_L,E17_../audio/C/Blind_PR.wav,531.77,534.24,2.47,Correct,7
22_OL,C_L,E18_../audio/C/Cone_E.wav,570.47,573.03,2.56,Correct,7
22_OL,C_L,E19_../audio/C/Duck_PR.wav,590.53,591.58,1.05,Correct,7
22_OL,C_L,E20_../audio/C/Flood_PR.wav,619.66,623.06,3.40,Incorrect,4
22_OL,C_L,E21_../audio/C/Cone_D.wav,651.11,652.46,1.35,Correct,7
22_OL,C_L,E22_../audio/C/School_PR.wav,674.23,680.27,6.04,Correct,7
22_OL,C_L,E23_../audio/C/Deer_PR.wav,707.02,708.43,1.41,Correct,7
22_OL,C_L,E24_../audio/C/Cone_F.wav,734.87,735.92,1.05,Correct,4
22_OL,C_L,E25_../audio/C/Blind_C.wav,751.66,756.46,4.80,Correct,7
22_OL,C_L,E26_../audio/C/Frost_P.wav,782.30,786.19,3.89,Correct,5
22_OL,C_L,E27_../audio/C/Cone_E.wav,803.40,804.30,0.90,Correct,7
22_OL,B_R,E1_../audio/B/Mark_PR.wav,37.43,42.38,4.95,Correct,7
22_OL,B_R,E2_../audio/B/BendR_P.wav,53.29,54.77,1.48,Correct,7
22_OL,B_R,E3_../audio/B/Cone_C.wav,63.12,64.13,1.01,Correct,7
22_OL,B_R,E4_../audio/B/Toad_P.wav,74.31,75.14,0.83,Correct,7
22_OL,B_R,E5_../audio/B/Constr_C.wav,89.31,91.14,1.83,Correct,7
22_OL,B_R,E6_../audio/B/Cone_B.wav,100.33,100.94,0.61,Correct,7
22_OL,B_R,E7_../audio/B/ICE_PR.wav,113.08,115.03,1.95,Correct,7
22_OL,B_R,E8_../audio/B/Tar_P.wav,125.27,127.42,2.15,Correct,7
22_OL,B_R,E9_../audio/B/Cone_A.wav,136.05,136.75,0.70,Correct,7
22_OL,B_R,E10_../audio/B/BendR_C.wav,147.92,149.39,1.47,Correct,7
22_OL,B_R,E11_../audio/B/Mark_C.wav,159.75,164.61,4.86,Correct,7
22_OL,B_R,E12_../audio/B/Cone_B.wav,171.49,172.57,1.08,Correct,7
22_OL,B_R,E13_../audio/B/Constr_PR.wav,181.02,183.96,2.94,Correct,7
22_OL,B_R,E14_../audio/B/Toad_PR.wav,193.41,194.48,1.07,Correct,7
22_OL,B_R,E15_../audio/B/Cone_A.wav,202.82,203.52,0.70,Correct,7
22_OL,B_R,E16_../audio/B/Tar_C.wav,230.08,232.88,2.80,Correct,7
22_OL,B_R,E17_../audio/B/ICE_P.wav,241.77,242.41,0.64,Correct,7
22_OL,B_R,E18_../audio/B/Cone_C.wav,248.39,249.57,1.18,Correct,7
22_OL,B_R,E19_../audio/B/Mark_P.wav,256.14,261.18,5.04,Correct,7
22_OL,B_R,E20_../audio/B/BendR_PR.wav,269.52,271.77,2.25,Correct,7
22_OL,B_R,E21_../audio/B/Cone_B.wav,278.03,279.00,0.97,Correct,7
22_OL,B_R,E22_../audio/B/Toad_C.wav,303.32,307.12,3.80,Correct,7
22_OL,B_R,E23_../audio/B/Constr_P.wav,315.14,316.58,1.44,Correct,7
22_OL,B_R,E24_../audio/B/Cone_A.wav,322.99,323.62,0.63,Correct,7
22_OL,B_R,E25_../audio/B/ICE_C.wav,329.56,331.46,1.90,Correct,7
22_OL,B_R,E26_../audio/B/Tar_PR.wav,339.95,343.77,3.82,Correct,7
22_OL,B_R,E27_../audio/B/Cone_C.wav,351.62,353.51,1.89,Correct,7
22_OL,B_L,E1_../audio/B/Duck_P.wav,45.19,45.92,0.73,Correct,7
22_OL,B_L,E2_../audio/B/Flood_P.wav,57.82,60.08,2.26,Correct,7
22_OL,B_L,E3_../audio/B/Cone_F.wav,66.68,67.37,0.69,Correct,7
22_OL,B_L,E4_../audio/B/School_P.wav,74.38,75.84,1.46,Correct,7
22_OL,B_L,E5_../audio/B/Deer_PR.wav,86.03,86.73,0.70,Correct,7
22_OL,B_L,E6_../audio/B/Cone_D.wav,93.18,94.06,0.88,Correct,7
22_OL,B_L,E7_../audio/B/Blind_P.wav,101.17,104.21,3.04,Correct,7
22_OL,B_L,E8_../audio/B/Frost_P.wav,115.43,121.78,6.35,Correct,7
22_OL,B_L,E9_../audio/B/Cone_E.wav,130.32,131.90,1.58,Correct,6
22_OL,B_L,E10_../audio/B/Flood_PR.wav,152.37,153.56,1.19,Correct,7
22_OL,B_L,E11_../audio/B/Duck_C.wav,162.61,165.09,2.48,Correct,7
22_OL,B_L,E12_../audio/B/Cone_D.wav,173.41,174.12,0.71,Correct,7
22_OL,B_L,E13_../audio/B/Deer_P.wav,196.03,197.18,1.15,Correct,7
22_OL,B_L,E14_../audio/B/School_C.wav,207.12,211.09,3.97,Correct,7
22_OL,B_L,E15_../audio/B/Cone_F.wav,220.74,222.25,1.51,Correct,7
22_OL,B_L,E16_../audio/B/Frost_C.wav,246.31,252.26,5.95,Correct,7
22_OL,B_L,E17_../audio/B/Blind_C.wav,263.00,267.88,4.88,Correct,7
22_OL,B_L,E18_../audio/B/Cone_E.wav,275.41,275.96,0.55,Correct,7
22_OL,B_L,E19_../audio/B/Duck_PR.wav,283.74,284.69,0.95,Correct,7
22_OL,B_L,E20_../audio/B/Flood_C.wav,295.23,300.95,5.72,Correct,7
22_OL,B_L,E21_../audio/B/Cone_F.wav,311.05,312.11,1.06,Correct,7
22_OL,B_L,E22_../audio/B/School_PR.wav,338.56,340.04,1.48,Correct,7
22_OL,B_L,E23_../audio/B/Deer_C.wav,348.31,352.09,3.78,Correct,7
22_OL,B_L,E24_../audio/B/Cone_D.wav,360.49,363.55,3.06,Correct,6
22_OL,B_L,E25_../audio/B/Blind_PR.wav,392.73,396.02,3.29,Correct,7
22_OL,B_L,E26_../audio/B/Frost_PR.wav,404.07,410.56,6.49,Incorrect,6
22_OL,B_L,E27_../audio/B/Cone_E.wav,424.56,430.49,5.93,Correct,6
23_RT,B_R,E1_../audio/B/Mark_PR.wav,50.67,59.47,8.80,Correct,6
23_RT,B_R,E2_../audio/B/BendR_P.wav,72.95,76.84,3.89,Correct,7
23_RT,B_R,E3_../audio/B/Cone_B.wav,82.70,83.68,0.98,Correct,7
23_RT,B_R,E4_../audio/B/Toad_PR.wav,101.09,102.79,1.70,Correct,7
23_RT,B_R,E5_../audio/B/Constr_PR.wav,121.22,124.39,3.17,Correct,7
23_RT,B_R,E6_../audio/B/Cone_C.wav,131.78,133.30,1.52,Correct,7
23_RT,B_R,E7_../audio/B/ICE_C.wav,148.21,150.89,2.68,Correct,7
23_RT,B_R,E8_../audio/B/Tar_C.wav,168.92,173.17,4.25,Correct,6
23_RT,B_R,E9_../audio/B/Cone_A.wav,179.70,181.00,1.30,Correct,7
23_RT,B_R,E10_../audio/B/BendR_C.wav,196.85,198.93,2.08,Correct,6
23_RT,B_R,E11_../audio/B/Mark_C.wav,216.68,222.96,6.28,Correct,6
23_RT,B_R,E12_../audio/B/Cone_B.wav,233.36,234.32,0.96,Correct,7
23_RT,B_R,E13_../audio/B/Constr_C.wav,242.29,245.50,3.21,Correct,7
23_RT,B_R,E14_../audio/B/Toad_P.wav,263.04,264.96,1.92,Correct,7
23_RT,B_R,E15_../audio/B/Cone_A.wav,273.04,273.92,0.88,Correct,7
23_RT,B_R,E16_../audio/B/Tar_PR.wav,291.27,294.78,3.51,Correct,6
23_RT,B_R,E17_../audio/B/ICE_PR.wav,313.52,316.79,3.27,Correct,6
23_RT,B_R,E18_../audio/B/Cone_C.wav,323.35,325.23,1.88,Correct,7
23_RT,B_R,E19_../audio/B/Mark_P.wav,338.78,341.53,2.75,Correct,7
23_RT,B_R,E20_../audio/B/BendR_PR.wav,362.39,364.74,2.35,Correct,7
23_RT,B_R,E21_../audio/B/Cone_C.wav,374.46,375.63,1.17,Correct,7
23_RT,B_R,E22_../audio/B/Toad_C.wav,389.75,392.91,3.16,Correct,7
23_RT,B_R,E23_../audio/B/Constr_P.wav,410.34,412.14,1.80,Correct,7
23_RT,B_R,E24_../audio/B/Cone_B.wav,423.46,424.16,0.70,Correct,7
23_RT,B_R,E25_../audio/B/ICE_P.wav,434.35,435.48,1.13,Correct,7
23_RT,B_R,E26_../audio/B/Tar_P.wav,451.74,456.61,4.87,Correct,7
23_RT,B_R,E27_../audio/B/Cone_A.wav,466.75,469.59,2.84,Correct,6
23_RT,B_L,E1_../audio/B/Duck_C.wav,84.78,87.55,2.77,Correct,7
23_RT,B_L,E2_../audio/B/Flood_C.wav,101.42,105.50,4.08,Correct,5
23_RT,B_L,E3_../audio/B/Cone_E.wav,112.76,114.22,1.46,Correct,7
23_RT,B_L,E4_../audio/B/School_PR.wav,126.25,129.03,2.78,Correct,7
23_RT,B_L,E5_../audio/B/Deer_P.wav,141.49,142.92,1.43,Correct,7
23_RT,B_L,E6_../audio/B/Cone_D.wav,149.65,150.83,1.18,Correct,7
23_RT,B_L,E7_../audio/B/Blind_C.wav,165.18,168.64,3.46,Correct,6
23_RT,B_L,E8_../audio/B/Frost_P.wav,180.75,182.24,1.49,Correct,7
23_RT,B_L,E9_../audio/B/Cone_F.wav,191.84,193.15,1.31,Correct,7
23_RT,B_L,E10_../audio/B/Flood_PR.wav,205.12,208.52,3.40,Correct,7
23_RT,B_L,E11_../audio/B/Duck_PR.wav,224.78,226.38,1.60,Correct,7
23_RT,B_L,E12_../audio/B/Cone_F.wav,235.91,237.23,1.32,Correct,7
23_RT,B_L,E13_../audio/B/Deer_PR.wav,249.84,251.80,1.96,Correct,7
23_RT,B_L,E14_../audio/B/School_C.wav,267.95,273.10,5.15,Correct,7
23_RT,B_L,E15_../audio/B/Cone_E.wav,282.15,283.80,1.65,Correct,7
23_RT,B_L,E16_../audio/B/Frost_PR.wav,293.52,296.41,2.89,Correct,7
23_RT,B_L,E17_../audio/B/Blind_PR.wav,313.52,315.66,2.14,Correct,7
23_RT,B_L,E18_../audio/B/Cone_D.wav,328.17,329.28,1.11,Correct,7
23_RT,B_L,E19_../audio/B/Duck_P.wav,338.27,339.48,1.21,Correct,7
23_RT,B_L,E20_../audio/B/Flood_P.wav,355.95,358.38,2.43,Correct,7
23_RT,B_L,E21_../audio/B/Cone_E.wav,366.88,367.95,1.07,Correct,7
23_RT,B_L,E22_../audio/B/School_P.wav,380.37,382.52,2.15,Correct,7
23_RT,B_L,E23_../audio/B/Deer_C.wav,397.69,401.50,3.81,Correct,7
23_RT,B_L,E24_../audio/B/Cone_F.wav,409.93,411.29,1.36,Correct,7
23_RT,B_L,E25_../audio/B/Blind_P.wav,423.27,424.78,1.51,Correct,7
23_RT,B_L,E26_../audio/B/Frost_C.wav,437.63,441.94,4.31,Correct,7
23_RT,B_L,E27_../audio/B/Cone_D.wav,451.52,453.20,1.68,Correct,7
23_RT,C_R,E1_../audio/C/Mark_PR.wav,52.46,57.18,4.72,Correct,7
23_RT,C_R,E2_../audio/C/BendR_P.wav,84.90,86.61,1.71,Correct,7
23_RT,C_R,E3_../audio/C/Cone_C.wav,108.90,112.52,3.62,Incorrect,4
23_RT,C_R,E4_../audio/C/Toad_PR.wav,145.37,146.97,1.60,Correct,7
23_RT,C_R,E5_../audio/C/Constr_P.wav,171.64,174.07,2.43,Correct,6
23_RT,C_R,E6_../audio/C/Cone_B.wav,194.44,197.52,3.08,Correct,7
23_RT,C_R,E7_../audio/C/ICE_P.wav,224.31,225.95,1.64,Correct,7
23_RT,C_R,E8_../audio/C/Tar_C.wav,252.39,256.45,4.06,Correct,4
23_RT,C_R,E9_../audio/C/Cone_A.wav,281.71,285.10,3.39,Correct,5
23_RT,C_R,E10_../audio/C/BendR_C.wav,302.04,304.73,2.69,Correct,6
23_RT,C_R,E11_../audio/C/Mark_C.wav,334.99,338.69,3.70,Correct,7
23_RT,C_R,E12_../audio/C/Cone_C.wav,362.65,364.08,1.43,Correct,6
23_RT,C_R,E13_../audio/C/Constr_C.wav,383.32,385.81,2.49,Correct,7
23_RT,C_R,E14_../audio/C/Toad_P.wav,412.83,414.63,1.80,Correct,7
23_RT,C_R,E15_../audio/C/Cone_A.wav,436.68,437.71,1.03,Correct,7
23_RT,C_R,E16_../audio/C/Tar_PR.wav,460.82,463.39,2.57,Correct,5
23_RT,C_R,E17_../audio/C/ICE_C.wav,491.92,495.89,3.97,Correct,6
23_RT,C_R,E18_../audio/C/Cone_B.wav,521.67,522.98,1.31,Correct,7
23_RT,C_R,E19_../audio/C/Mark_P.wav,539.32,544.23,4.91,Correct,5
23_RT,C_R,E20_../audio/C/BendR_PR.wav,567.13,570.64,3.51,Correct,7
23_RT,C_R,E21_../audio/C/Cone_A.wav,597.45,599.37,1.92,Correct,6
23_RT,C_R,E22_../audio/C/Toad_C.wav,621.35,624.57,3.22,Correct,7
23_RT,C_R,E23_../audio/C/Constr_PR.wav,650.97,655.65,4.68,Correct,7
23_RT,C_R,E24_../audio/C/Cone_C.wav,679.72,681.08,1.36,Correct,7
23_RT,C_R,E25_../audio/C/ICE_PR.wav,702.64,706.28,3.64,Correct,7
23_RT,C_R,E26_../audio/C/Tar_P.wav,730.00,737.43,7.43,Correct,4
23_RT,C_R,E27_../audio/C/Cone_B.wav,757.75,759.44,1.69,Correct,6
23_RT,C_L,E1_../audio/C/Duck_C.wav,52.71,55.04,2.33,Correct,7
23_RT,C_L,E2_../audio/C/Flood_PR.wav,85.71,88.09,2.38,Correct,7
23_RT,C_L,E3_../audio/C/Cone_E.wav,111.38,113.11,1.73,Correct,6
23_RT,C_L,E4_../audio/C/School_P.wav,133.12,135.06,1.94,Correct,6
23_RT,C_L,E5_../audio/C/Deer_P.wav,162.03,163.55,1.52,Correct,7
23_RT,C_L,E6_../audio/C/Cone_F.wav,184.25,185.77,1.52,Correct,6
23_RT,C_L,E7_../audio/C/Blind_C.wav,204.92,209.88,4.96,Incorrect,7
23_RT,C_L,E8_../audio/C/Frost_C.wav,237.49,241.07,3.58,Correct,6
23_RT,C_L,E9_../audio/C/Cone_D.wav,262.83,264.66,1.83,Correct,7
23_RT,C_L,E10_../audio/C/Flood_C.wav,281.16,285.31,4.15,Correct,6
23_RT,C_L,E11_../audio/C/Duck_PR.wav,309.50,311.47,1.97,Correct,7
23_RT,C_L,E12_../audio/C/Cone_F.wav,334.42,335.91,1.49,Correct,6
23_RT,C_L,E13_../audio/C/Deer_PR.wav,354.44,357.30,2.86,Correct,4
23_RT,C_L,E14_../audio/C/School_PR.wav,383.72,386.08,2.36,Correct,7
23_RT,C_L,E15_../audio/C/Cone_E.wav,407.95,409.70,1.75,Correct,6
23_RT,C_L,E16_../audio/C/Frost_PR.wav,425.07,429.77,4.70,Incorrect,1
23_RT,C_L,E17_../audio/C/Blind_P.wav,453.09,455.14,2.05,Correct,7
23_RT,C_L,E18_../audio/C/Cone_D.wav,475.11,477.18,2.07,Correct,6
23_RT,C_L,E19_../audio/C/Duck_P.wav,495.87,497.40,1.53,Correct,6
23_RT,C_L,E20_../audio/C/Flood_P.wav,523.39,526.69,3.30,Correct,7
23_RT,C_L,E21_../audio/C/Cone_E.wav,545.59,547.16,1.57,Correct,7
23_RT,C_L,E22_../audio/C/School_C.wav,567.04,570.79,3.75,Correct,7
23_RT,C_L,E23_../audio/C/Deer_C.wav,591.61,594.40,2.79,Correct,7
23_RT,C_L,E24_../audio/C/Cone_F.wav,613.07,616.81,3.74,Correct,6
23_RT,C_L,E25_../audio/C/Blind_PR.wav,637.56,640.94,3.38,Correct,5
23_RT,C_L,E26_../audio/C/Frost_P.wav,666.38,668.13,1.75,Correct,7
23_RT,C_L,E27_../audio/C/Cone_D.wav,689.87,691.34,1.47,Correct,6
24_OL,C_R,E1_../audio/C/Mark_P.wav,97.60,107.84,10.24,Correct,5
24_OL,C_R,E2_../audio/C/BendR_PR.wav,135.98,140.58,4.60,Correct,6
24_OL,C_R,E3_../audio/C/Cone_C.wav,166.22,168.71,2.49,Correct,3
24_OL,C_R,E4_../audio/C/Toad_PR.wav,189.25,190.54,1.29,Correct,7
24_OL,C_R,E5_../audio/C/Constr_PR.wav,216.79,221.60,4.81,Correct,6
24_OL,C_R,E6_../audio/C/Cone_A.wav,244.87,246.07,1.20,Correct,7
24_OL,C_R,E7_../audio/C/ICE_P.wav,267.39,268.53,1.14,Correct,7
24_OL,C_R,E8_../audio/C/Tar_C.wav,298.29,306.43,8.14,Correct,3
24_OL,C_R,E9_../audio/C/Cone_B.wav,326.10,328.32,2.22,Correct,2
24_OL,C_R,E10_../audio/C/BendR_P.wav,349.20,352.31,3.11,Correct,7
24_OL,C_R,E11_../audio/C/Mark_C.wav,388.89,393.96,5.07,Correct,6
24_OL,C_R,E12_../audio/C/Cone_C.wav,424.10,425.06,0.96,Correct,7
24_OL,C_R,E13_../audio/C/Constr_P.wav,443.58,449.10,5.52,Correct,7
24_OL,C_R,E14_../audio/C/Toad_P.wav,480.52,481.97,1.45,Correct,7
24_OL,C_R,E15_../audio/C/Cone_B.wav,505.80,507.10,1.30,Correct,7
24_OL,C_R,E16_../audio/C/Tar_PR.wav,530.25,534.75,4.50,Correct,6
24_OL,C_R,E17_../audio/C/ICE_C.wav,564.09,568.58,4.49,Correct,7
24_OL,C_R,E18_../audio/C/Cone_A.wav,598.30,599.52,1.22,Correct,7
24_OL,C_R,E19_../audio/C/Mark_PR.wav,615.15,624.90,9.75,Incorrect,2
24_OL,C_R,E20_../audio/C/BendR_C.wav,655.34,658.53,3.19,Correct,7
24_OL,C_R,E21_../audio/C/Cone_B.wav,685.23,686.54,1.31,Correct,6
24_OL,C_R,E22_../audio/C/Toad_C.wav,707.75,712.84,5.09,Correct,7
24_OL,C_R,E23_../audio/C/Constr_C.wav,738.00,743.16,5.16,Correct,7
24_OL,C_R,E24_../audio/C/Cone_A.wav,770.58,772.78,2.20,Correct,7
24_OL,C_R,E25_../audio/C/ICE_PR.wav,797.00,803.56,6.56,Correct,6
24_OL,C_R,E26_../audio/C/Tar_P.wav,829.39,839.01,9.62,Incorrect,1
24_OL,C_R,E27_../audio/C/Cone_C.wav,863.61,864.99,1.38,Correct,7
24_OL,C_L,E1_../audio/C/Duck_PR.wav,76.03,77.25,1.22,Correct,6
24_OL,C_L,E2_../audio/C/Flood_C.wav,117.79,122.60,4.81,Incorrect,1
24_OL,C_L,E3_../audio/C/Cone_F.wav,145.69,148.42,2.73,Correct,7
24_OL,C_L,E4_../audio/C/School_C.wav,168.22,171.91,3.69,Correct,6
24_OL,C_L,E5_../audio/C/Deer_P.wav,207.96,214.06,6.10,Incorrect,7
24_OL,C_L,E6_../audio/C/Cone_D.wav,237.53,239.31,1.78,Correct,6
24_OL,C_L,E7_../audio/C/Blind_PR.wav,263.20,267.58,4.38,Correct,7
24_OL,C_L,E8_../audio/C/Frost_PR.wav,483.45,489.09,5.64,Correct,6
24_OL,C_L,E9_../audio/C/Cone_E.wav,515.78,517.16,1.38,Correct,7
24_OL,C_L,E10_../audio/C/Flood_PR.wav,538.28,541.54,3.26,Correct,7
24_OL,C_L,E11_../audio/C/Duck_P.wav,574.49,575.75,1.26,Correct,7
24_OL,C_L,E12_../audio/C/Cone_E.wav,607.05,612.07,5.02,Correct,7
24_OL,C_L,E13_../audio/C/Deer_C.wav,632.97,636.93,3.96,Correct,7
24_OL,C_L,E14_../audio/C/School_P.wav,665.78,668.03,2.25,Correct,6
24_OL,C_L,E15_../audio/C/Cone_F.wav,685.19,687.01,1.82,Correct,6
24_OL,C_L,E16_../audio/C/Frost_C.wav,712.52,717.55,5.03,Correct,6
24_OL,C_L,E17_../audio/C/Blind_P.wav,741.01,743.45,2.44,Correct,7
24_OL,C_L,E18_../audio/C/Cone_D.wav,759.14,764.62,5.48,Incorrect,1
24_OL,C_L,E19_../audio/C/Duck_C.wav,792.84,799.40,6.56,Correct,7
24_OL,C_L,E20_../audio/C/Flood_P.wav,836.30,838.84,2.54,Correct,7
24_OL,C_L,E21_../audio/C/Cone_E.wav,855.50,857.10,1.60,Correct,7
24_OL,C_L,E22_../audio/C/School_PR.wav,885.69,888.63,2.94,Correct,7
24_OL,C_L,E23_../audio/C/Deer_PR.wav,915.89,917.58,1.69,Correct,7
24_OL,C_L,E24_../audio/C/Cone_D.wav,934.99,936.22,1.23,Correct,7
24_OL,C_L,E25_../audio/C/Blind_C.wav,974.45,979.15,4.70,Correct,7
24_OL,C_L,E26_../audio/C/Frost_P.wav,1010.63,1012.41,1.78,Correct,7
24_OL,C_L,E27_../audio/C/Cone_F.wav,1025.99,1028.16,2.17,Correct,5
24_OL,B_R,E1_../audio/B/Mark_P.wav,54.02,58.76,4.74,Correct,7
24_OL,B_R,E2_../audio/B/BendR_C.wav,73.03,74.16,1.13,Correct,7
24_OL,B_R,E3_../audio/B/Cone_B.wav,79.99,80.81,0.82,Correct,7
24_OL,B_R,E4_../audio/B/Toad_P.wav,95.34,96.56,1.22,Correct,7
24_OL,B_R,E5_../audio/B/Constr_P.wav,113.59,116.11,2.52,Correct,7
24_OL,B_R,E6_../audio/B/Cone_A.wav,123.52,125.33,1.81,Correct,7
24_OL,B_R,E7_../audio/B/ICE_C.wav,136.41,139.36,2.95,Correct,6
24_OL,B_R,E8_../audio/B/Tar_C.wav,154.13,160.36,6.23,Correct,5
24_OL,B_R,E9_../audio/B/Cone_C.wav,167.80,169.18,1.38,Correct,7
24_OL,B_R,E10_../audio/B/BendR_P.wav,183.00,184.31,1.31,Correct,7
24_OL,B_R,E11_../audio/B/Mark_C.wav,199.71,203.21,3.50,Correct,7
24_OL,B_R,E12_../audio/B/Cone_A.wav,215.83,217.66,1.83,Correct,7
24_OL,B_R,E13_../audio/B/Constr_C.wav,223.16,227.37,4.21,Correct,7
24_OL,B_R,E14_../audio/B/Toad_C.wav,239.82,242.33,2.51,Correct,7
24_OL,B_R,E15_../audio/B/Cone_C.wav,251.44,251.80,0.36,Correct,7
24_OL,B_R,E16_../audio/B/Tar_P.wav,260.87,263.83,2.96,Correct,7
24_OL,B_R,E17_../audio/B/ICE_PR.wav,279.98,282.39,2.41,Correct,7
24_OL,B_R,E18_../audio/B/Cone_B.wav,293.67,294.89,1.22,Correct,7
24_OL,B_R,E19_../audio/B/Mark_PR.wav,300.83,305.90,5.07,Correct,7
24_OL,B_R,E20_../audio/B/BendR_PR.wav,317.23,328.47,11.24,Correct,7
24_OL,B_R,E21_../audio/B/Cone_C.wav,335.93,337.58,1.65,Correct,7
24_OL,B_R,E22_../audio/B/Toad_PR.wav,344.22,350.51,6.29,Correct,7
24_OL,B_R,E23_../audio/B/Constr_PR.wav,358.59,367.31,8.72,Correct,7
24_OL,B_R,E24_../audio/B/Cone_B.wav,374.48,375.63,1.15,Correct,7
24_OL,B_R,E25_../audio/B/ICE_P.wav,381.25,387.89,6.64,Correct,7
24_OL,B_R,E26_../audio/B/Tar_PR.wav,422.92,427.88,4.96,Correct,7
24_OL,B_R,E27_../audio/B/Cone_A.wav,440.61,441.54,0.93,Correct,7
24_OL,B_L,E1_../audio/B/Duck_C.wav,35.72,39.12,3.40,Correct,7
24_OL,B_L,E2_../audio/B/Flood_PR.wav,49.88,53.53,3.65,Correct,7
24_OL,B_L,E3_../audio/B/Cone_E.wav,59.90,63.26,3.36,Correct,7
24_OL,B_L,E4_../audio/B/School_PR.wav,72.32,78.76,6.44,Correct,7
24_OL,B_L,E5_../audio/B/Deer_P.wav,92.60,94.51,1.91,Correct,7
24_OL,B_L,E6_../audio/B/Cone_F.wav,102.51,104.09,1.58,Correct,7
24_OL,B_L,E7_../audio/B/Blind_C.wav,121.68,126.07,4.39,Correct,7
24_OL,B_L,E8_../audio/B/Frost_P.wav,137.34,141.14,3.80,Incorrect,1
24_OL,B_L,E9_../audio/B/Cone_D.wav,151.59,154.32,2.73,Correct,7
24_OL,B_L,E10_../audio/B/Flood_P.wav,187.02,188.91,1.89,Correct,7
24_OL,B_L,E11_../audio/B/Duck_PR.wav,201.99,203.05,1.06,Correct,7
24_OL,B_L,E12_../audio/B/Cone_F.wav,211.00,212.30,1.30,Correct,7
24_OL,B_L,E13_../audio/B/Deer_C.wav,218.57,223.69,5.12,Correct,7
24_OL,B_L,E14_../audio/B/School_P.wav,232.29,234.98,2.69,Correct,7
24_OL,B_L,E15_../audio/B/Cone_E.wav,242.76,244.49,1.73,Correct,7
24_OL,B_L,E16_../audio/B/Frost_PR.wav,251.58,255.84,4.26,Correct,7
24_OL,B_L,E17_../audio/B/Blind_P.wav,265.59,267.04,1.45,Correct,7
24_OL,B_L,E18_../audio/B/Cone_D.wav,275.41,277.34,1.93,Correct,7
24_OL,B_L,E19_../audio/B/Duck_P.wav,283.25,284.18,0.93,Correct,7
24_OL,B_L,E20_../audio/B/Flood_C.wav,307.27,310.66,3.39,Correct,7
24_OL,B_L,E21_../audio/B/Cone_D.wav,326.62,328.06,1.44,Correct,7
24_OL,B_L,E22_../audio/B/School_C.wav,332.85,338.61,5.76,Correct,7
24_OL,B_L,E23_../audio/B/Deer_PR.wav,351.27,352.85,1.58,Correct,7
24_OL,B_L,E24_../audio/B/Cone_F.wav,360.19,361.33,1.14,Correct,7
24_OL,B_L,E25_../audio/B/Blind_PR.wav,373.44,382.06,8.62,Correct,7
24_OL,B_L,E26_../audio/B/Frost_C.wav,413.22,420.12,6.90,Correct,7
24_OL,B_L,E27_../audio/B/Cone_E.wav,426.88,427.96,1.08,Correct,7